ID,SMILES,IC50,pIC50
CHEMBL387748,N#Cc1cccc(c1)NCc1[nH]c(c(n1)c1ccc2c(c1)nccn2)c1cccc(n1)C,12,7.921
CHEMBL202730,CN(CCCn1cnc2c1cc(cc2)c1c2CCCn2nc1c1ccccn1)C,398,6.4
CHEMBL260923,Cc1cccc(n1)c1nn2c(c1c1ccnc3c1cc(Br)cc3)CCC2,89,7.051
CHEMBL436944,O=C(c1ccc(cc1)c1nccc(c1)c1c[nH]nc1c1ccccn1)N1CCOCC1,123,6.91
CHEMBL1835534,Cc1cccc(n1)c1nn(cc1c1ccc2n(c1)ncn2)C(=S)Nc1ccccc1F,5.39,8.268
CHEMBL1835522,COc1cccc(c1)NC(=S)n1cc(c(n1)c1cccc(n1)C)c1ccc2n(c1)ncn2,2.26,8.646
CHEMBL1835518,Cc1cccc(n1)c1nn(cc1c1ccc2n(c1)ncn2)C(=S)Nc1cccc(c1)F,4.43,8.354
CHEMBL205151,COCCNC(=O)c1ccc(cc1)c1nccc(c1)c1c[nH]nc1c1ccccn1,91,7.041
CHEMBL2435037,Cc1cccc(n1)c1nc(cn1c1ccc2c(c1)OCO2)C(=O)N,3820,5.418
CHEMBL229654,Cc1cccc(n1)c1[nH]c(nc1c1ccc2c(c1)nccn2)CNc1ccc(cc1)C(=O)N,75,7.125
CHEMBL229497,CCc1cccc(n1)c1[nH]c(nc1c1ccc2c(c1)OCO2)CNc1ccc(cc1)C#N,360,6.444
CHEMBL425177,Cc1ccc2c(n1)c(ccn2)c1sc(nc1c1ccccn1)N,380,6.42
CHEMBL566440,Fc1ccc(cc1)C1C(NC2N1CCS2)c1ccncc1,50000,4.301
CHEMBL1237161,O1CCN(CC1)Cc1ccc(cc1)c1nccc(c1)c1c[nH]nc1c1ccccn1.Cl,42,7.377
CHEMBL206544,CC(c1ccc(cc1)c1nccc(c1)c1c[nH]nc1c1ccccn1)C,32,7.495
CHEMBL382799,COc1cccc(c1)c1nccc(c1)c1c[nH]nc1c1ccccn1,115,6.939
CHEMBL359724,Nc1nc(c(s1)c1ccnc2c1cccc2)c1cccnc1,3980,5.4
CHEMBL260239,CN(Cc1ccc(cc1)Oc1ccc2c(c1)nccc2c1c2CCCn2nc1c1ccccn1)C,750,6.125
CHEMBL125846,Fc1ccc(cc1)c1cn[nH]c1c1cccc(n1)C,70,7.155
CHEMBL340203,Fc1ccc(nc1)c1n[nH]cc1c1ccnc2c1cccc2,91,7.041
CHEMBL204838,Clc1ccc(cc1)c1nccc(c1)c1c[nH]nc1c1ccccn1,43,7.367
CHEMBL566439,OCCOC(=O)Nc1ccc2c(c1)nccc2c1c2CCCn2nc1c1ccccn1,79,7.102
CHEMBL338713,c1ccc(nc1)c1c[nH]nc1c1ccnc2c1cccc2,150,6.824
CHEMBL229548,CCc1cccc(n1)c1[nH]c(nc1c1ccc2c(c1)nccn2)CNc1ccc(cc1)C#N,47,7.328
CHEMBL126789,Cc1cccc(n1)c1[nH]ncc1c1ccc(c(c1)F)F,151,6.821
CHEMBL1164092,N#Cc1cccc(c1)Cc1[nH]c(c(n1)c1ccc2c(n1)cccn2)c1cccc(n1)C,2250,5.648
CHEMBL1272290,CCNC(=O)c1ccc2c(c1)NC(=O)/C/2=C(/c1ccccc1)\Nc1ccc(cc1)N(C(=O)CN(C)C)C,35,7.456
CHEMBL337978,Fc1ccc(cc1)c1c[nH]nc1c1ccccn1,275,6.561
CHEMBL1271471,CCNCc1ccc(cc1)N/C(=C/1\C(=O)Nc2c1ccc(c2)C(=O)N(CC)C)/c1ccccc1,32,7.495
CHEMBL1165374,N#Cc1cccc(c1)Cc1[nH]c(c(n1)c1ccc2c(c1)cccn2)c1cccc(n1)C,26,7.585
CHEMBL492634,Cc1cccc(n1)c1[nH]c(nc1c1ccc2c(c1)nccn2)Cc1cccc(c1)C(=O)N,36,7.444
CHEMBL365918,Nc1nc(c(s1)c1cccc2c1cccc2)c1ccccn1,10965,4.96
CHEMBL204211,O1CCC(CC1)NCc1ccc(cc1)c1nccc(c1)c1c[nH]nc1c1ccccn1,47,7.328
CHEMBL208437,c1ccc(nc1)c1n[nH]cc1c1ccnc(c1)c1ccc(cc1)OCCn1cncc1,30,7.523
CHEMBL202994,C1CCN(C1)CCOc1ccc(cc1)c1nccc(c1)c1c[nH]nc1c1ccccn1,40,7.398
CHEMBL205156,Cc1ccc(cc1)c1nccc(c1)c1c[nH]nc1c1ccccn1,28,7.553
CHEMBL204139,c1ccc(nc1)c1nn2c(c1c1ccc3c(c1)nc[nH]3)CCC2,1700,5.77
CHEMBL378167,C1CCN(C1)CCCn1cnc2c1cc(cc2)c1c2CCCn2nc1c1ccccn1,246,6.609
CHEMBL206233,Cc1cccc(n1)c1nn2c(c1c1ccc3c(c1)n(CCCN1CCCC1)cn3)CCC2,74,7.131
CHEMBL184746,Nc1nc(c(s1)c1ccnc2c1cccc2)c1ccccc1F,1250,5.903
CHEMBL229599,Cc1cccc(n1)c1[nH]c(nc1c1ccc2c(c1)nccn2)CNc1cccc(c1)C(=O)N,10,8
CHEMBL204966,Cc1cccc(n1)c1nn2c(c1c1ccc3c(c1)n(C)cn3)CCC2,22,7.658
CHEMBL1957672,CCCC(=O)Nc1nc(c([nH]1)c1ccc2c(c1)OCO2)c1scc(n1)C,2100,5.678
CHEMBL118928,Oc1ccc(cc1)c1c[nH]nc1c1cccc(n1)C,31,7.509
CHEMBL406411,CN1CCCC1CCCOc1ccc2c(c1)nccc2c1c2CCCn2nc1c1ccccn1,72,7.143
CHEMBL409158,C1COC(C1)COc1ccc2c(c1)nccc2c1c2CCCn2nc1c1ccccn1,130,6.886
CHEMBL409356,CN1CCN(CC1)C(=O)COc1ccc2c(c1)nccc2c1c2CCCn2nc1c1ccccn1,49,7.31
CHEMBL234655,Brc1ccc(c(c1)c1nc(Nc2ccncc2C(=O)NCCCN2CCCC2=O)c2c(n1)nccn2)F,3.2,8.495
CHEMBL606632,Cc1cccc(n1)c1c(=O)n(n(c1c1ccc2c(c1)nccn2)C)C,1030,5.987
CHEMBL10,Fc1ccc(cc1)c1nc([nH]c1c1ccncc1)c1ccc(cc1)S(=O)C,30000,4.523
CHEMBL129678,FC(c1cccc(c1)c1n[nH]cc1c1ccnc2c1cccc2)(F)F,217,6.664
CHEMBL563207,Cc1cccc(n1)c1nc(Nc2ccc3c(c2)[nH]nn3)c2c(n1)cccc2,3715,5.43
CHEMBL1272021,CCNC(=O)c1ccc2c(c1)NC(=O)/C/2=C\Nc1ccc(cc1)CN1CCCCC1,69,7.161
CHEMBL593000,Fc1cccc(c1)c1c(=O)n(n(c1c1ccc2c(c1)nccn2)C)C,990,6.004
CHEMBL592977,Clc1cccc(c1)c1c(=O)n(n(c1c1ccc2c(c1)nccn2)C)C,1900,5.721
CHEMBL1163955,N#Cc1cccc(c1)Cn1nc(c(c1)c1ccc2c(c1)cccn2)c1cccc(n1)C,231,6.636
CHEMBL1164843,Cc1cccc(n1)c1nn(cc1c1ccc2c(n1)cccn2)Cc1cccc(c1)C(=O)N,255,6.593
CHEMBL229546,N#Cc1ccc(cc1)NCc1[nH]c(c(n1)c1ccc2c(c1)nccn2)c1cccc(n1)C,42,7.377
CHEMBL500149,COc1cc2c(ccnc2cc1OC)Oc1cc(C)c(cc1C(=O)C)C,630,6.201
CHEMBL130025,c1csc(c1)c1n[nH]cc1c1ccnc2c1cccc2,353,6.452
CHEMBL441176,CN(CCCn1cnc2c1cc(cc2)c1c2CCCn2nc1c1cccc(n1)C)C,85,7.071
CHEMBL261701,OC(=O)c1ccc(cc1)Oc1ccc2c(c1)nccc2c1c2CCCn2nc1c1ccccn1,4800,5.319
CHEMBL480742,Fc1ccc(nc1C)c1nc([nH]c1c1ccc2c(c1)nccn2)N,33.5,7.475
CHEMBL182354,Nc1sc(c(n1)c1ccccn1)c1ccc2c(n1)c(C)ccn2,30,7.523
CHEMBL3260623,Cc1cccc(n1)c1[nH]c(nc1c1ccc2n(c1)ncn2)CNc1cc(F)cc(c1)F,6,8.222
CHEMBL1765756,Cc1nc(N)nc(c1)c1ccc2c(c1)[nH]nc2N,7943.28,5.1
CHEMBL1957664,CCCNC(=O)c1nc(c([nH]1)c1ccc2c(c1)OCO2)c1scc(n1)C,3900,5.409
CHEMBL389078,Cc1cccc(n1)c1[nH]c(nc1c1ccc2c(c1)OCO2)CNc1cccc(c1)C(=O)N,21,7.678
CHEMBL261674,CN1CCN(CC1)CCCOc1ccc2c(c1)nccc2c1c2CCCn2nc1c1ccccn1,74,7.131
CHEMBL387747,N#Cc1cccc(c1)NCc1nc(c([nH]1)c1cccc(n1)C)c1ccc2c(c1)OCO2,46,7.337
CHEMBL3260570,Cc1cccc(n1)c1[nH]c(nc1c1ccc2n(c1)ncn2)CNc1ccccc1C,14,7.854
CHEMBL3260593,N#CCc1cccc(c1)NCc1[nH]c(c(n1)c1ccc2n(c1)ncn2)c1cccc(n1)C,11,7.959
CHEMBL3260599,Cc1cccc(n1)c1[nH]c(nc1c1ccc2n(c1)ncn2)CNc1ccc(cc1)Cl,11,7.959
CHEMBL3260604,Cc1cccc(n1)c1[nH]c(nc1c1ccc2n(c1)ncn2)CNc1ccc(cc1)OC(F)(F)F,60,7.222
CHEMBL3260606,C=Cc1ccc(cc1)NCc1[nH]c(c(n1)c1ccc2n(c1)ncn2)c1cccc(n1)C,30,7.523
CHEMBL3260609,N#CCc1ccc(cc1)NCc1[nH]c(c(n1)c1ccc2n(c1)ncn2)c1cccc(n1)C,25,7.602
CHEMBL3260585,CCc1cccc(c1)NCc1nc(c([nH]1)c1cccc(n1)C)c1ccc2n(c1)ncn2,8,8.097
CHEMBL3260597,CC(=O)Nc1cccc(c1)NCc1[nH]c(c(n1)c1ccc2n(c1)ncn2)c1cccc(n1)C,15,7.824
CHEMBL204158,C1CCC(OC1)OCCCn1cnc2c1ccc(c2)c1c2CCCn2nc1c1ccccn1,6580,5.182
CHEMBL202625,Cc1cccc(n1)c1nn2c(c1c1ccc3c(c1)ncn3CCCOC1CCCCO1)CCC2,1830,5.738
CHEMBL381532,Cc1cccc(n1)c1nn2c(c1c1ccc3c(c1)n(CCCN1CCOCC1)cn3)CCC2,69,7.161
CHEMBL3341950,COc1ccc(cc1)c1cc(cnc1N)c1ccc(cc1)N1CCNCC1,95000,4.022
CHEMBL3260631,Cc1cccc(n1)c1[nH]c(nc1c1ccc2n(c1)ncn2)CNc1cccc(c1F)CN1CCOCC1,6.8,8.167
CHEMBL229496,N#Cc1cccc(c1)NCc1nc(c([nH]1)c1cccc(n1)CC)c1ccc2c(c1)OCO2,73,7.137
CHEMBL382466,FC(c1cccc(c1)c1nccc(c1)c1c[nH]nc1c1ccccn1)(F)F,240,6.62
CHEMBL204063,OCCCn1cnc2c1cc(cc2)c1c2CCCn2nc1c1cccc(n1)C,41,7.387
CHEMBL203162,O1CCN(CC1)Cc1ccc(cc1)c1nccc(c1)c1c[nH]nc1c1ccccn1,42,7.377
CHEMBL205736,c1ccc(cc1)c1nccc(c1)c1c[nH]nc1c1ccccn1,107,6.971
CHEMBL3707019,CCc1cccc(n1)c1[nH]c(nc1c1ccc2c(c1)nccn2)CNc1cccc(c1)C#C,119,6.924
CHEMBL1835624,Cc1cccc(n1)c1nn(cc1c1ccc2n(c1)ncn2)C(=S)Nc1ccc(c(c1)Cl)Cl,3.78,8.423
CHEMBL1835535,Cc1cccc(n1)c1nn(cc1c1ccc2n(c1)ncn2)C(=S)Nc1ccccc1Cl,2.83,8.548
CHEMBL1835531,Cc1cccc(n1)c1nn(cc1c1ccc2n(c1)ncn2)C(=S)Nc1ccc(cc1)OC(F)(F)F,3.3,8.481
CHEMBL1835712,N#Cc1cccc(c1)NC(=S)n1nc(c(c1)c1ccc2n(c1)nc(n2)C)c1cccc(n1)C,85.3,7.069
CHEMBL1835628,Cc1cccc(n1)c1nn(cc1c1ccc2n(c1)ncn2)C(=S)Nc1cc(cc(c1)C(F)(F)F)C(F)(F)F,4.12,8.385
CHEMBL1835626,Cc1cccc(n1)c1nn(cc1c1ccc2n(c1)ncn2)C(=S)Nc1ccc(c(c1)C)C,3.54,8.451
CHEMBL1271632,O=C(c1ccc2c(c1)NC(=O)/C/2=C(/c1ccccc1)\Nc1ccc(cc1)CN1CCCCC1)C1CCCN1,245,6.611
CHEMBL1272238,CCNC(=O)c1ccc2c(c1)NC(=O)/C/2=C(/c1ccccc1)\Nc1ccc(cc1)N(C(=O)C)CCN(C)C,3,8.523
CHEMBL205427,Fc1ccccc1c1nccc(c1)c1c[nH]nc1c1ccccn1,59,7.229
CHEMBL226733,CCc1cccc(n1)c1[nH]c(nc1c1ccc2c(c1)nccn2)CNc1ccc(cc1)C(=O)N,92,7.036
CHEMBL237570,COc1ccc2c(c1)ccc(c2)c1c(nc(n1C)c1ccc(cc1C)S(=O)C)c1ccncc1,296,6.529
CHEMBL331703,CCS(=O)(=O)c1ccc2c(c1)nccc2c1c2CCCn2nc1c1ccccn1,9290,5.032
CHEMBL6204,COc1ccc(cc1)c1c(nc2n1CCC2)c1ccccn1,5100,5.292
CHEMBL568357,OC(=O)c1ccc(cc1)c1nccc(c1)c1c[nH]nc1c1ccccn1,27,7.569
CHEMBL3260626,COc1cc(NCc2[nH]c(c(n2)c2ccc3n(c2)ncn3)c2cccc(n2)C)cc(c1)OC,14,7.854
CHEMBL376119,CCc1cccc(n1)c1[nH]c(nc1c1ccc2c(c1)nccn2)CNc1cccc(c1)C(=O)N,15,7.824
CHEMBL382838,Cc1cccc(n1)c1nn2c(c1c1ccc3c(c1)nc[nH]3)CCC2,47,7.328
CHEMBL377717,Cc1cccc(n1)c1nn2c(c1c1ccc3c(c1)ccn3C)CCC2,4100,5.387
CHEMBL427211,Cn1ccc2c1ccc(c2)c1c2CCCn2nc1c1ccccn1,12230,4.913
CHEMBL229547,CCc1cccc(n1)c1[nH]c(nc1c1ccc2c(c1)nccn2)CNc1cccc(c1)C#N,119,6.924
CHEMBL3261094,O=C(Cn1cc(c(n1)c1cccc(n1)C)c1ccc2n(c1)ncn2)Nc1cccc(c1)C(=O)N,36,7.444
CHEMBL2024687,Cc1nn(c(c1)c1ccc2c(c1)c(=O)n(cn2)C)c1cccc(n1)C,3,8.523
CHEMBL2024692,CCn1cnc2c(c1=O)cc(cc2)c1ccnn1c1cccc(n1)C,69,7.161
CHEMBL260729,NC(=O)c1ccc(cc1)Oc1ccc2c(c1)nccc2c1c2CCCn2nc1c1ccccn1,1100,5.959
CHEMBL261625,COc1cc(OC)c2c(c1)c(ccn2)c1c2CCCn2nc1c1cccc(n1)C,3810,5.419
CHEMBL2435045,Cc1cccc(n1)c1nc(cn1c1ccc2c(c1)OCO2)CN1C(=O)c2c(C1=O)cccc2,3360,5.474
CHEMBL576062,Nc1sc(c(n1)c1ncccc1C)c1ccc2c(n1)cccn2,6,8.222
CHEMBL566234,C1CCC(CO1)NCc1ccc(cc1)c1nccc(c1)c1c[nH]nc1c1ccccn1,47,7.328
CHEMBL122583,CCc1cccc(n1)c1nn2c(c1c1ccnc3c1cccc3)CCC2,71,7.149
CHEMBL120907,COc1ccc(cc1)c1c2CCCn2nc1c1ccccn1,646,6.19
CHEMBL409331,CN1CCN(CC1)CCOc1ccc2c(c1)nccc2c1c2CCCn2nc1c1ccccn1,100,7
CHEMBL565815,CC(=O)Nc1ccc2c(c1)nccc2c1c2CCCn2nc1c1ccccn1,87,7.06
CHEMBL121790,Fc1ccc(cc1)c1c2CCCn2nc1c1cccc(n1)C,1320,5.879
CHEMBL437118,N#Cc1ccc(cc1)c1nccc(c1)c1c[nH]nc1c1ccccn1,35,7.456
CHEMBL332344,Clc1ccc2c(c1)nccc2c1c2CCCn2nc1c1cccc(n1)C,48,7.319
CHEMBL379700,C1CCC(CC1)CCOc1ccc(cc1)c1nccc(c1)c1c[nH]nc1c1ccccn1,81,7.092
CHEMBL120718,Cc1cccc(n1)c1nn2c(c1c1ccc(c(c1)F)F)CCC2,343,6.465
CHEMBL1765760,CNc1nc(N)nc(c1)c1ccc2c(c1)[nH]nc2N,398.11,6.4
CHEMBL362710,Nc1sc(c(n1)c1nccs1)c1ccnc2c1cccc2,1170,5.932
CHEMBL1766441,N#Cc1cccc(c1)NC(=O)Cn1nc(c(c1)c1ccc2c(c1)cccn2)c1cccc(n1)C,22,7.658
CHEMBL1765757,Nc1nc(cc(n1)c1ccc2c(c1)[nH]nc2N)C(C)C,1995.26,5.7
CHEMBL1614771,CCNc1nc(N)nc(c1)c1ccc2c(c1)n[nH]c2N,501.19,6.3
CHEMBL205260,Cc1cccc(c1)c1nccc(c1)c1c[nH]nc1c1ccccn1,191,6.719
CHEMBL341280,Brc1cccc(n1)c1[nH]ncc1c1ccnc2c1cccc2,31,7.509
CHEMBL1766453,Cc1cccc(n1)c1nn(cc1c1ccc2c(c1)cccn2)CC(=S)Nc1ccccc1,94,7.027
CHEMBL267228,OCc1ccc(cc1)c1[nH]c(c(n1)c1ccccn1)c1ccc2c(c1)OCO2,260,6.585
CHEMBL126180,c1ccc(nc1)c1nn(cc1c1ccnc2c1cccc2)Cc1ccccc1,369,6.433
CHEMBL266706,Fc1ccc(cc1)c1c(nc2n1CCS2)c1ccccn1,1600,5.796
CHEMBL566254,Fc1ccc(cc1)C1N=C(NC1c1ccncc1)c1ccc(cc1)S(=O)C,6000,5.222
CHEMBL1272022,O=C1Nc2c(/C/1=C(\c1ccccc1)/Nc1ccc(cc1)CN1CCCCC1)ccc(c2)C(=O)NCc1ccccc1,1532,5.815
CHEMBL1272127,CCN(C(=O)c1ccc2c(c1)NC(=O)/C/2=C(/c1ccccc1)\Nc1ccc(cc1)N(S(=O)(=O)C)C)C,231,6.636
CHEMBL1765877,Nc1nc(cc(n1)c1ccc2c(c1)[nH]nc2N)N(C)C,5011.87,5.3
CHEMBL204575,ClCCOc1ccc(cc1)c1nccc(c1)c1c[nH]nc1c1ccccn1,19,7.721
CHEMBL380916,O=C(c1ccc(cc1)c1nccc(c1)c1c[nH]nc1c1ccccn1)N1CCCC1,110,6.959
CHEMBL203791,CCN(CCCn1cnc2c1cc(cc2)c1c2CCCn2nc1c1cccc(n1)C)CC,122,6.914
CHEMBL268889,c1ccc(nc1)c1nc2n(c1c1ccc3c(c1)OCO3)CCC2,460,6.337
CHEMBL259821,CN(CC(=O)Nc1ccc2c(c1)nccc2c1c2CCCn2nc1c1ccccn1)C,64,7.194
CHEMBL1835620,COc1ccccc1NC(=S)n1nc(c(c1)c1ccc2n(c1)ncn2)c1cccc(n1)C,5.69,8.245
CHEMBL2088218,COc1cc(CNc2sc(c(n2)c2cccc(n2)C)c2ccc3n(c2)ncn3)cc(c1)OC,16.5,7.783
CHEMBL2088215,Cc1cccc(n1)c1nc(sc1c1ccc2n(c1)ncn2)NCc1cc(C)cc(c1)C,22,7.658
CHEMBL2087968,Cc1cccc(n1)c1nc(sc1c1ccc2n(c1)ncn2)NCc1cccc(c1)C,11.2,7.951
CHEMBL2087967,Cc1cccc(n1)c1nc(sc1c1ccc2n(c1)ncn2)NCc1cccc(c1)Cl,10.2,7.991
CHEMBL511563,COc1ccc(cc1)c1cnc2n(c1)ncc2c1ccnc2c1cccc2,33300,4.478
CHEMBL1766456,N#Cc1cccc(c1)NC(=S)CCn1nc(c(c1)c1ccc2c(c1)cccn2)c1cccc(n1)C,232,6.635
CHEMBL1164971,N#Cc1cccc(c1)Cn1nc(c(c1)c1cccc(n1)C)c1ccc2c(c1)cccn2,34,7.469
CHEMBL126676,c1ccc(cc1)c1n[nH]cc1c1ccnc2c1cccc2,382,6.418
CHEMBL565643,Nc1nc(c(s1)c1ccc2c(n1)c(C)ccc2)c1ccccn1,30,7.523
CHEMBL6250,OC(=O)c1ccc(cc1)c1[nH]c(c(n1)c1ccc2c(c1)OCO2)c1ccccn1,170,6.77
CHEMBL3707023,C#Cc1ccc(cc1)NCc1[nH]c(c(n1)c1ccc2c(c1)OCO2)c1cccc(n1)C,174,6.759
CHEMBL129677,Cc1cccc(n1)c1[nH]ncc1c1ccnc2c1cccc2,34,7.469
CHEMBL129760,COc1ccc(cc1)c1cn(nc1c1cccc(n1)C)C,44,7.357
CHEMBL261702,CN(C(=O)c1ccc(cc1)Oc1ccc2c(c1)nccc2c1c2CCCn2nc1c1ccccn1)C,1100,5.959
CHEMBL3260576,C=Cc1ccccc1NCc1[nH]c(c(n1)c1ccc2n(c1)ncn2)c1cccc(n1)C,14,7.854
CHEMBL3260583,Cc1cccc(n1)c1[nH]c(nc1c1ccc2n(c1)ncn2)CNc1cccc(c1)Br,5,8.301
CHEMBL3260587,COc1cccc(c1)NCc1nc(c([nH]1)c1cccc(n1)C)c1ccc2n(c1)ncn2,14,7.854
CHEMBL573287,COc1ccc(cc1)Nc1nccc(c1)Oc1cc(C)c(nc1c1ccccn1)C,30,7.523
CHEMBL120245,CC(c1cccc(n1)c1nn2c(c1c1ccnc3c1cccc3)CCC2)C,1300,5.886
CHEMBL584928,COC(=O)Nc1ccc2c(c1)nccc2c1c2CCCn2nc1c1ccccn1,40,7.398
CHEMBL121554,Clc1ccc2c(c1)nccc2c1c2CCCn2nc1c1ccccn1,54,7.268
CHEMBL119936,CCSc1ccc2c(c1)nccc2c1c2CCCn2nc1c1ccccn1,110,6.959
CHEMBL338196,c1ccc(nc1)c1n[nH]c(c1c1ccnc2c1cccc2)C1CC1,203,6.693
CHEMBL204170,Cn1cnc2c1cc(cc2)c1c2CCCn2nc1c1ccccn1,75,7.125
CHEMBL205271,CN(C(=O)c1ccc(cc1)c1nccc(c1)c1c[nH]nc1c1ccccn1)C1CCOCC1,214,6.67
CHEMBL1164022,Cc1cccc(n1)c1nn(cc1c1ccc2c(c1)cccn2)Cc1cccc(c1)C(=O)N,131,6.883
CHEMBL1165694,N#Cc1cccc(c1)Cn1nc(c(c1)c1ccc2c(n1)cccn2)c1cccc(n1)C,318,6.498
CHEMBL1164957,Cc1cccc(n1)c1[nH]c(nc1c1ccc2c(c1)cccn2)Cc1cccc(c1)C(=O)N,34,7.469
CHEMBL1835713,Cc1cccc(n1)c1nn(cc1c1ccc2n(c1)nc(n2)C)C(=S)Nc1cccc(c1)C(=O)N,66.8,7.175
CHEMBL1835524,N#Cc1cccc(c1)NC(=S)n1cc(c(n1)c1cccc(n1)C)c1ccc2n(c1)ncn2,4.5,8.347
CHEMBL565644,CN(CCCn1cnc2c1ccc(c2)c1c2CCCn2nc1c1ccccn1)C,398,6.4
CHEMBL269339,Fc1ccc(cc1)c1nc([nH]c1c1ccccn1)c1ccc(cc1)C(=O)O,1500,5.824
CHEMBL122414,OCc1cccc(n1)c1nn2c(c1c1ccc(cc1)F)CCC2,2620,5.582
CHEMBL1165063,Cc1cccc(n1)c1cn(nc1c1ccc2c(c1)cccn2)Cc1cccc(c1)C(=O)N,61,7.215
CHEMBL1766444,Cc1cccc(n1)c1nn(cc1c1ccc2c(c1)cccn2)CC(=O)Nc1cccc(c1)C(=O)N,75,7.125
CHEMBL3260625,Cc1cccc(n1)c1[nH]c(nc1c1ccc2n(c1)ncn2)CNc1cc(C)cc(c1)C,14,7.854
CHEMBL411297,CCN(CCOc1ccc2c(c1)nccc2c1c2CCCn2nc1c1ccccn1)C,85,7.071
CHEMBL341534,Clc1ccc(nc1)c1n[nH]cc1c1ccnc2c1cccc2,1760,5.754
CHEMBL496862,CCN(C(=O)c1ccc2c(c1)NC(=O)/C/2=C(/c1ccccc1)\Nc1ccc(cc1)CN1CCCCC1)C,34,7.469
CHEMBL1271966,CCN(C(=O)c1ccc2c(c1)NC(=O)/C/2=C(/c1ccccc1)\Nc1ccc(cc1)CN1CCCCC1)CC,625,6.204
CHEMBL500435,O=C1Nc2c(/C/1=C(\c1ccccc1)/Nc1ccc(cc1)CN1CCCCC1)cccc2,3462,5.461
CHEMBL1269806,CCN(C(=O)c1ccc2c(c1)NC(=O)/C/2=C(/c1ccccc1)\Nc1ccc(cc1)N(C(=O)CN1CCN(CC1)C)C)C,7,8.155
CHEMBL1272181,CCN(C(=O)c1ccc2c(c1)NC(=O)/C/2=C(/c1ccccc1)\Nc1ccc(cc1)C(=O)O)C,782,6.107
CHEMBL1272236,CCN(C(=O)c1ccc2c(c1)NC(=O)/C/2=C(/c1ccccc1)\Nc1ccc(cc1)C(=O)OC)C,1970,5.706
CHEMBL1272237,CCN(C(=O)c1ccc2c(c1)NC(=O)/C/2=C(/c1ccccc1)\Nc1ccccc1)C,2586,5.587
CHEMBL1272020,CCNC(=O)c1ccc2c(c1)NC(=O)/C/2=C\Nc1ccc(cc1)N(C(=O)CN1CCN(CC1)C)C,15,7.824
CHEMBL447486,Nc1nc(c(s1)c1ccnc2c1cccc2)c1ccc(cn1)Cl,1770,5.752
CHEMBL575720,Cc1nc(c2ccccn2)c(cc1C)Oc1ccnc(c1)Nc1ccccc1N1CCOCC1,739,6.131
CHEMBL1165041,Cc1cccc(n1)c1[nH]c(nc1c1ccc2c(n1)cccn2)Cc1cccc(c1)C(=O)N,2600,5.585
CHEMBL330814,Oc1ccc(cc1)c1c2CCCn2nc1c1cccc(n1)C,47,7.328
CHEMBL550483,Cc1cccc(n1)c1nc(Nc2ccc3c(c2)scn3)c2c(n1)cccc2,646,6.19
CHEMBL1835623,Cc1cccc(n1)c1nn(cc1c1ccc2n(c1)ncn2)C(=S)Nc1cc(F)cc(c1)F,3.2,8.495
CHEMBL1824432,N#Cc1cccc(c1)NC(=O)Cn1nc(c(c1)c1ccc2c(c1)nccn2)c1cccc(n1)C,153,6.815
CHEMBL1828640,Cn1ncc(c1)c1nccc(c1)c1c[nH]nc1c1ccccn1,68,7.167
CHEMBL1829512,CN1CCN(CC1)c1ccc(cn1)c1nccc(c1)c1c[nH]nc1c1ccccn1,32,7.495
CHEMBL1271470,CCN(C(=O)c1ccc2c(c1)NC(=O)/C/2=C(/c1ccccc1)\Nc1ccc(cc1)N(C(=O)CN(C)C)C)C,29,7.538
CHEMBL496861,CN(C(=O)c1ccc2c(c1)NC(=O)/C/2=C(/c1ccccc1)\Nc1ccc(cc1)CN1CCCCC1)C,35,7.456
CHEMBL1272291,CCN(C(=O)c1ccc2c(c1)NC(=O)/C/2=C(/c1ccccc1)\Nc1ccc(cc1)N(C(=O)C)CCN(C)C)C,8,8.097
CHEMBL2325040,Cc1cccc(n1)n1nnc(c1c1ccc2c(c1)nccn2)Cc1ccccc1,4690,5.329
CHEMBL2324828,CC(CCc1nnn(c1c1ccc2c(c1)nccn2)c1cccc(n1)C)C,8600,5.066
CHEMBL3260629,CN(Cc1cccc(c1F)NCc1[nH]c(c(n1)c1ccc2n(c1)ncn2)c1cccc(n1)C)C,11,7.959
CHEMBL3260630,Cc1cccc(n1)c1[nH]c(nc1c1ccc2n(c1)ncn2)CNc1cccc(c1F)CN1CCCC1,22.1,7.656
CHEMBL3260899,N#Cc1cccc(c1CN1CCOCC1)NCc1[nH]c(c(n1)c1ccc2n(c1)ncn2)c1cccc(n1)C,8.1,8.092
CHEMBL3260907,N#Cc1ccc(c(c1)NCc1[nH]c(c(n1)c1ccc2n(c1)ncn2)c1cccc(n1)C)CN1CCOCC1,4.8,8.319
CHEMBL1957662,OC(=O)CCCCc1nc(c([nH]1)c1ccc2c(c1)OCO2)c1scc(n1)C,30,7.523
CHEMBL524647,CC(NC(=O)c1ccc2c(c1)NC(=O)/C/2=C(/c1ccccc1)\Nc1ccc(cc1)CN1CCCCC1)C,318,6.498
CHEMBL1272128,CCNC(=O)c1ccc2c(c1)NC(=O)/C/2=C(/c1ccccc1)\Nc1ccc(cc1)N(S(=O)(=O)C)CCN(C)C,1,9
CHEMBL606376,COc1cccc(c1)c1c(=O)n(n(c1c1ccc2c(c1)nccn2)C)C,1400,5.854
CHEMBL606919,COCc1cccc(c1)c1c(=O)n(n(c1c1ccc2c(c1)nccn2)C)C,3690,5.433
CHEMBL1824226,Cc1cccc(n1)c1nn(cc1c1ccc2c(c1)nccn2)CC(=O)Nc1ccccc1,38,7.42
CHEMBL2087975,COc1ccc(cc1)CNc1sc(c(n1)c1cccc(n1)C)c1ccc2n(c1)ncn2,24.3,7.614
CHEMBL1957660,OC(=O)CCc1nc(c([nH]1)c1ccc2c(c1)OCO2)c1scc(n1)C,530,6.276
CHEMBL1957663,Cc1csc(n1)c1nc([nH]c1c1ccc2c(c1)OCO2)C(=O)Nc1ccccc1,1700,5.77
CHEMBL1835536,Cc1cccc(n1)c1nn(cc1c1ccc2n(c1)ncn2)C(=S)Nc1ccccc1C,4,8.398
CHEMBL1835527,Cc1cccc(n1)c1nn(cc1c1ccc2n(c1)ncn2)C(=S)Nc1ccc(cc1)Cl,3.87,8.412
CHEMBL1957661,OC(=O)CCCc1nc(c([nH]1)c1ccc2c(c1)OCO2)c1scc(n1)C,130,6.886
CHEMBL1765758,Nc1nc(cc(n1)c1ccccc1)c1ccc2c(c1)[nH]nc2N,3162.28,5.5
CHEMBL3341954,CNc1ncc(cc1c1cc(OC)c(c(c1)OC)OC)c1ccc(cc1)N1CCNCC1,28000,4.553
CHEMBL2024693,Cc1cccc(n1)n1nc2c(c1c1ccc3c(c1)c(=O)[nH]cn3)CCC2,5,8.301
CHEMBL1835709,CN1CCC(CC1)NC(=S)n1nc(c(c1)c1ccc2n(c1)ncn2)c1cccc(n1)C,39.47,7.404
CHEMBL1835525,Cc1cccc(n1)c1nn(cc1c1ccc2n(c1)ncn2)C(=S)Nc1cccc(c1)C(=O)N,3.45,8.462
CHEMBL1835112,Cc1cccc(n1)c1nn(cc1c1ccc2n(c1)ncn2)C(=S)Nc1ccccc1,2.82,8.55
CHEMBL186966,Nc1nc(c(s1)c1ccc2c(n1)cccc2)c1ccccn1,3540,5.451
CHEMBL565645,COCCC(=O)Nc1ccc2c(c1)nccc2c1c2CCCn2nc1c1ccccn1,34,7.469
CHEMBL119976,Cc1cccc(n1)c1nn2c(c1c1ccnc3c1cccc3)CCC2,78,7.108
CHEMBL325405,Fc1ccc(nc1)c1nn2c(c1c1ccnc3c1cccc3)CCC2,151,6.821
CHEMBL278724,CCc1nc([nH]c1c1ccncc1)c1ccc(cc1)OC,30000,4.523
CHEMBL120587,CCOc1ccc2c(c1)nccc2c1c2CCCn2nc1c1cccc(n1)C,88,7.056
CHEMBL206017,O=C(C1CCOCC1)Nc1ccc(cc1)c1nccc(c1)c1c[nH]nc1c1ccccn1,112,6.951
CHEMBL1765759,COc1nc(N)nc(c1)c1ccc2c(c1)[nH]nc2N,3162.28,5.5
CHEMBL1835526,Cc1cccc(n1)c1nn(cc1c1ccc2n(c1)ncn2)C(=S)Nc1ccc(cc1)F,4.09,8.388
CHEMBL2321907,CCCCc1nnn(c1c1ccc2c(c1)nccn2)c1cccc(n1)C,7380,5.132
CHEMBL181958,Nc1nc(c(s1)c1ccnc2c1cccn2)c1ccccn1,7940,5.1
CHEMBL1766451,N#Cc1cccc(c1)NC(=O)CCn1nc(c(c1)c1ccc2c(c1)cccn2)c1cccc(n1)C,101,6.996
CHEMBL1765762,Nc1nc(NC2CCCC2)cc(n1)c1ccc2c(c1)[nH]nc2N,398.11,6.4
CHEMBL604261,Cc1cccc(c1)c1c(=O)n(n(c1c1ccc2c(c1)nccn2)C)C,3050,5.516
CHEMBL593708,C=Cc1cccc(c1)c1c(=O)n(n(c1c1ccc2c(c1)nccn2)C)C,560,6.252
CHEMBL2385591,N1CCN(CC1)c1ccc(cc1)c1cnc2n(c1)ncc2c1cccc2c1cccn2,3960,5.402
CHEMBL1835523,Cc1cccc(n1)c1nn(cc1c1ccc2n(c1)ncn2)C(=S)Nc1cccc(c1)OC(F)(F)F,10,8
CHEMBL1835528,Cc1cccc(n1)c1nn(cc1c1ccc2n(c1)ncn2)C(=S)Nc1ccc(cc1)C,6.61,8.18
CHEMBL1957659,Cc1csc(n1)c1nc([nH]c1c1ccc2c(c1)OCO2)C(=O)O,190,6.721
CHEMBL2087976,Cc1cccc(n1)c1nc(sc1c1ccc2n(c1)ncn2)NCc1ccc(cc1)OC(F)(F)F,60.9,7.215
CHEMBL203214,Cn1cnc2c1ccc(c2)c1c2CCCn2nc1c1ccccn1,4740,5.324
CHEMBL3260567,Cc1cccc(n1)c1[nH]c(nc1c1ccc2n(c1)ncn2)CNc1ccccc1F,9.67,8.015
CHEMBL388978,CN[C@@H]1C[C@H]2O[C@]([C@@H]1OC)(C)n1c3ccccc3c3c1c1n2c2ccccc2c1c1c3CNC1=O,6870,5.163
CHEMBL2087974,Cc1cccc(n1)c1nc(sc1c1ccc2n(c1)ncn2)NCc1ccc(cc1)C,8.75,8.058
CHEMBL2024686,Cc1cccc(n1)n1ncc(c1c1ccc2c(c1)c(=O)n(cn2)C)C,4,8.398
CHEMBL2024689,CCc1nn(c(c1)c1ccc2c(c1)c(=O)n(cn2)C)c1cccc(n1)C,1,9
CHEMBL1835530,COc1ccc(cc1)NC(=S)n1nc(c(c1)c1ccc2n(c1)ncn2)c1cccc(n1)C,0.57,9.244
CHEMBL1835533,Cc1cccc(n1)c1nn(cc1c1ccc2n(c1)ncn2)C(=S)Nc1ccc(cc1)C(=O)N,15.6,7.807
CHEMBL377711,Cc1cccc(n1)c1nn2c(c1c1ccc3c(c1)n(CCCN1CCCCC1)cn3)CCC2,155,6.81
CHEMBL482729,COc1cc2nccc(c2cc1OC)Oc1ccc(cc1C(=O)c1ccccc1)C.Cl,2700,5.569
CHEMBL2024691,CCc1cnn(c1c1ccc2c(c1)c(=O)[nH]cn2)c1cccc(n1)C,2,8.699
CHEMBL584901,Cc1cccc(n1)c1nn2c(c1c1ccc3c(c1)ncn3C)CCC2,1700,5.77
CHEMBL582791,Nc1nc(c(s1)c1ccnc2c1cccc2)c1cccc(n1)Cl,1778,5.75
CHEMBL574621,COc1cc(Nc2nccc(c2)Oc2cccnc2)cc(c1OC)OC,227,6.644
CHEMBL125738,Clc1ccc(cc1)c1cn[nH]c1c1cccc(n1)C,57,7.244
CHEMBL1271472,CCNC(=O)c1ccc2c(c1)NC(=O)/C/2=C(/c1ccccc1)\Nc1ccc(cc1)CN1CCCCC1,24,7.62
CHEMBL1272182,CCN(C(=O)c1ccc2c(c1)NC(=O)/C/2=C(/c1ccccc1)\Nc1ccc(cc1)N(S(=O)(=O)C)CCN(C)C)C,7,8.155
CHEMBL497724,CNC(=O)c1ccc2c(c1)NC(=O)/C/2=C(/c1ccccc1)\Nc1ccc(cc1)CN1CCCCC1,32,7.495
CHEMBL1271578,CCCCNC(=O)c1ccc2c(c1)NC(=O)/C/2=C(/c1ccccc1)\Nc1ccc(cc1)CN1CCCCC1,91,7.041
CHEMBL1271577,CCNC(=O)c1ccc2c(c1)NC(=O)/C/2=C(/c1ccccc1)\Nc1ccc(cc1)CCN(C)C,47,7.328
CHEMBL1271683,CCN(C(=O)c1ccc2c(c1)NC(=O)/C/2=C(/c1ccccc1)\Nc1ccc(cc1)N(S(=O)(=O)C)CC(=O)N(C)C)C,86,7.066
CHEMBL1271965,CCNC(=O)c1ccc2c(c1)NC(=O)/C/2=C\Nc1ccc(cc1)N(C(=O)C)CCCN(C)C,17,7.77
CHEMBL1272076,CCNC(=O)c1ccc2c(c1)NC(=O)/C/2=C\Nc1ccc(cc1)N(C(=O)CN(C)C)C,52,7.284
CHEMBL482728,COc1cc2nccc(c2cc1OC)Oc1ccccc1C(=O)c1ccccc1,16000,4.796
CHEMBL260240,Cc1cccc(n1)c1nn2c(c1c1ccnc3c1cc(cc3)OC(F)(F)F)CCC2,141,6.851
CHEMBL409525,CN(CCOc1ccc2c(c1)nccc2c1c2CCCn2nc1c1ccccn1)C,24,7.62
CHEMBL260147,Oc1ccc2c(c1)nccc2c1c2CCCn2nc1c1ccccn1,160,6.796
CHEMBL408181,COC(=O)c1ccc2c(c1)c(ccn2)c1c2CCCn2nc1c1cccc(n1)C,526,6.279
CHEMBL205158,O1CCN(CC1)CCOc1ccc(cc1)c1nccc(c1)c1c[nH]nc1c1ccccn1,12,7.921
CHEMBL383523,FC(c1ccc(cc1)c1nccc(c1)c1c[nH]nc1c1ccccn1)(F)F,24,7.62
CHEMBL203619,OCCCn1cnc2c1cc(cc2)c1c2CCCn2nc1c1ccccn1,79,7.102
CHEMBL202943,CC(=O)COc1ccc(cc1)c1nccc(c1)c1c[nH]nc1c1ccccn1,25,7.602
CHEMBL381948,Fc1ccc(cc1)c1nccc(c1)c1c[nH]nc1c1ccccn1,48,7.319
CHEMBL383433,Cc1ccccc1c1nccc(c1)c1c[nH]nc1c1ccccn1,3981,5.4
CHEMBL129280,c1ccc(cc1)c1c[nH]nc1c1ccccn1,3990,5.399
CHEMBL1271736,CCNC(=O)c1ccc2c(c1)NC(=O)/C/2=C(/c1ccccc1)\Nc1ccc(cc1)N(C(=O)C)CCCN(C)C,3,8.523
CHEMBL1272180,CCN(Cc1cccc(c1)N/C(=C/1\C(=O)Nc2c1ccc(c2)C(=O)N(CC)C)/c1ccccc1)CC,616,6.21
CHEMBL1271910,OCCNC(=O)c1ccc2c(c1)NC(=O)/C/2=C(/c1ccccc1)\Nc1ccc(cc1)CN1CCCCC1,430,6.367
CHEMBL1271576,CCN(CCNC(=O)c1ccc(cc1)N/C(=C/1\C(=O)Nc2c1ccc(c2)C(=O)N(CC)C)/c1ccccc1)CC,64,7.194
CHEMBL229598,CCc1cccc(n1)c1[nH]c(nc1c1ccc2c(c1)OCO2)CNc1cccc(c1)C(=O)N,46,7.337
CHEMBL129153,Cc1cccc(n1)c1[nH]nc(c1c1ccnc2c1cccc2)C,82,7.086
CHEMBL129553,Cc1cccc(n1)c1[nH]ncc1c1ccccc1,543,6.265
CHEMBL513147,N1CCN(CC1)c1ccc(cc1)c1cnc2n(c1)ncc2c1ccnc2c1cccc2,500,6.301
CHEMBL2024688,Cc1cccc(n1)n1ncc(c1c1ccc2c(c1)c(=O)[nH]cn2)C,1,9
CHEMBL205570,C1CCN(C1)Cc1ccc(cc1)c1nccc(c1)c1c[nH]nc1c1ccccn1,19,7.721
CHEMBL203436,COC(=O)c1ccc(cc1)c1nccc(c1)c1c[nH]nc1c1ccccn1,27,7.569
CHEMBL426852,FC(c1ccccc1c1nccc(c1)c1c[nH]nc1c1ccccn1)(F)F,9333,5.03
CHEMBL202891,COc1ccc(cc1)c1nccc(c1)c1c[nH]nc1c1ccccn1,24,7.62
CHEMBL258641,N#Cc1ccc(cc1)Oc1ccc2c(c1)nccc2c1c2CCCn2nc1c1ccccn1,1200,5.921
CHEMBL3634712,Cc1nc(ccc1F)c1[nH]c(nc1c1ccc2n(c1)ncn2)CNc1ccccc1F,12.5,7.903
CHEMBL484907,COc1cc2c(ccnc2cc1OC)Oc1ccc(cc1C(=O)C)C,4400,5.357
CHEMBL3634711,Cc1nc(ccc1F)c1[nH]c(nc1c1ccc2n(c1)ncn2)CNc1ccccc1,9.23,8.035
CHEMBL1271796,CCN(C(=O)c1ccc2c(c1)NC(=O)/C/2=C(/c1ccccc1)\Nc1ccc(cc1)N(C(=O)C)CCCN(C)C)C,9,8.046
CHEMBL1272289,CCNC(=O)c1ccc2c(c1)NC(=O)/C/2=C(/c1ccccc1)\Nc1ccc(cc1)CN(C)C,19,7.721
CHEMBL1829505,c1ccc(nc1)c1n[nH]cc1c1ccnc(c1)n1cncc1,88,7.056
CHEMBL2088214,Cc1cccc(n1)c1nc(sc1c1ccc2n(c1)ncn2)NCc1cccc(c1C)C,22.1,7.656
CHEMBL2087972,Cc1cccc(n1)c1nc(sc1c1ccc2n(c1)ncn2)NCc1ccc(cc1)F,8.61,8.065
CHEMBL2087982,Cc1cccc(n1)c1nc(sc1c1ccc2n(c1)ncn2)NCc1cccc(c1F)F,29.4,7.532
CHEMBL1272078,CN(C(=O)c1ccc2c(c1)/C(=C(\c1ccccc1)/Nc1ccc(cc1)CN1CCCCC1)/C(=O)N2)C,186,6.73
CHEMBL1271524,CCNC(=O)c1ccc2c(c1)NC(=O)/C/2=C(/c1ccccc1)\Nc1ccc(cc1)C(=O)NCCN(CC)CC,33,7.481
CHEMBL2088219,Cc1cccc(n1)c1nc(sc1c1ccc2n(c1)ncn2)NCc1cccc(c1)C(=O)N,13.6,7.866
CHEMBL2087984,Cc1cccc(n1)c1nc(sc1c1ccc2n(c1)ncn2)NCc1cc(F)cc(c1)F,8.92,8.05
CHEMBL565814,CN(CCNC(=O)Nc1ccc2c(c1)nccc2c1c2CCCn2nc1c1ccccn1)C,18,7.745
CHEMBL333798,Fc1ccc(cc1)c1c(nn2c1CCC2)c1cccc(n1)C(F)(F)F,877,6.057
CHEMBL567706,CN(CCCc1cccc(c1)c1nccc(c1)c1c[nH]nc1c1ccccn1)C,15,7.824
CHEMBL121795,c1ccc(nc1)c1nn2c(c1c1ccnc3c1cccc3)CCC2,104,6.983
CHEMBL585109,CN(CCCNC(=O)Nc1ccc2c(c1)nccc2c1c2CCCn2nc1c1ccccn1)C,255,6.593
CHEMBL118339,Cc1ccc(cc1)c1c(nn2c1CCC2)c1cccc(n1)C,4000,5.398
CHEMBL1829511,CN(CCCOc1ccc(cn1)c1nccc(c1)c1c[nH]nc1c1ccccn1)C,11,7.959
CHEMBL1765730,C[C@@H]1CCCCN1c1nc(N)nc(c1)c1ccc2c(c1)[nH]nc2N,7943.28,5.1
CHEMBL1765876,Nc1nc(Nc2ccccc2)cc(n1)c1ccc2c(c1)[nH]nc2N,25.12,7.6
CHEMBL594371,CCc1cccc(c1)c1c(=O)n(n(c1c1ccc2c(c1)nccn2)C)C,390,6.409
CHEMBL595556,Brc1cccc(c1)c1c(=O)n(n(c1c1ccc2c(c1)nccn2)C)C,220,6.658
CHEMBL1765761,CC(Nc1nc(N)nc(c1)c1ccc2c(c1)[nH]nc2N)C,501.19,6.3
CHEMBL1835629,COc1ccc(cc1OC)NC(=S)n1nc(c(c1)c1ccc2n(c1)ncn2)c1cccc(n1)C,4.37,8.36
CHEMBL1835521,Cc1cccc(n1)c1nn(cc1c1ccc2n(c1)ncn2)C(=S)Nc1cccc(c1)C(F)(F)F,3.01,8.521
CHEMBL593725,O=c1n(C)n(c(c1c1ccccn1)c1ccc2c(c1)nccn2)C,1700,5.77
CHEMBL1835622,Cc1cccc(n1)c1nn(cc1c1ccc2n(c1)ncn2)C(=S)Nc1ccc(c(c1)F)F,2.12,8.674
CHEMBL2087978,Cc1cccc(n1)c1nc(sc1c1ccc2n(c1)ncn2)NCc1ccccc1F,10.4,7.983
CHEMBL2087979,Cc1cccc(n1)c1nc(sc1c1ccc2n(c1)ncn2)NCc1ccccc1Cl,15.5,7.81
CHEMBL2087965,Cc1cccc(n1)c1nc(sc1c1ccc2n(c1)ncn2)NCc1ccccc1,11.3,7.947
CHEMBL1766455,S=C(Nc1ccccc1)CCn1nc(c(c1)c1ccc2c(c1)cccn2)c1cccc(n1)C,88,7.056
CHEMBL1824444,Cc1cccc(n1)c1nn(cc1c1ccc2c(c1)nccn2)CC(=O)Nc1cccc(c1)C(=O)N,48,7.319
CHEMBL2088213,Cc1cccc(n1)c1nc(sc1c1ccc2n(c1)ncn2)NCc1cc(Cl)cc(c1)Cl,15.1,7.821
CHEMBL226734,N#Cc1cccc(c1)CNc1nc(c([nH]1)c1cccc(n1)C)c1ccc2c(c1)OCO2,24,7.62
CHEMBL2385586,N1CCN(CC1)c1ccc(cc1)c1cnc2n(c1)ncc2c1cn[nH]c1,3320,5.479
CHEMBL1808264,CC(c1sc(c(n1)c1ccc(c(c1)NS(=O)(=O)c1c(F)cccc1F)F)c1ccnc(n1)Nc1ccc(nc1)N1CCOCC1)C,10,8
CHEMBL2385596,CN1CCN(CC1)c1ccc(cc1)c1cnc2n(c1)ncc2c1ccnc2c1cccc2,75,7.125
CHEMBL3260905,N#Cc1ccc(c(c1)NCc1[nH]c(c(n1)c1ccc2n(c1)ncn2)c1cccc(n1)C)CN(C)C,3.1,8.509
CHEMBL3260573,COc1ccccc1NCc1[nH]c(c(n1)c1ccc2n(c1)ncn2)c1cccc(n1)C,14,7.854
CHEMBL3260578,Cc1cccc(n1)c1[nH]c(nc1c1ccc2n(c1)ncn2)CNc1ccccc1C(=O)N,30,7.523
CHEMBL3260584,Cc1cccc(n1)c1[nH]c(nc1c1ccc2n(c1)ncn2)CNc1cccc(c1)C,9,8.046
CHEMBL3260586,Cc1cccc(n1)c1[nH]c(nc1c1ccc2n(c1)ncn2)CNc1cccc(c1)C(C)C,16,7.796
CHEMBL3260614,Cc1cccc(n1)c1[nH]c(nc1c1ccc2n(c1)ncn2)CNc1cccc(c1F)F,9,8.046
CHEMBL2088220,Cc1cccc(n1)c1nc(sc1c1ccc2n(c1)ncn2)NCc1ccc(cc1)C(=O)N,25.7,7.59
CHEMBL2088217,COc1ccc(cc1OC)CNc1sc(c(n1)c1cccc(n1)C)c1ccc2n(c1)ncn2,47.7,7.321
CHEMBL2088221,Cc1cccc(n1)c1sc(nc1c1ccc2n(c1)ncn2)NCc1ccccc1,24.5,7.611
CHEMBL2087983,Cc1cccc(n1)c1nc(sc1c1ccc2n(c1)ncn2)NCc1ccc(c(c1)F)F,7.43,8.129
CHEMBL182678,Clc1ccnc(c1)c1nc(sc1c1ccnc2c1cccc2)N,1020,5.991
CHEMBL1957653,NCCc1nc(c([nH]1)c1ccc2c(c1)OCO2)c1scc(n1)C,2200,5.658
CHEMBL1835627,Cc1cccc(n1)c1nn(cc1c1ccc2n(c1)ncn2)C(=S)Nc1cc(C)cc(c1)C,3.97,8.401
CHEMBL1835625,Cc1cccc(n1)c1nn(cc1c1ccc2n(c1)ncn2)C(=S)Nc1cc(Cl)cc(c1)Cl,5.08,8.294
CHEMBL1824440,Cc1cccc(n1)c1nn(cc1c1ccc2c(c1)nccn2)CC(=S)Nc1ccccc1,13,7.886
CHEMBL2435034,Cc1cccc(n1)c1nc(cn1c1ccc2c(c1)OCO2)CNc1ccc(cc1)S(=O)(=O)N,240,6.62
CHEMBL3634801,C=Cc1cccc(c1)NCc1[nH]c(c(n1)c1ccc2n(c1)ncn2)c1ccc(c(n1)C)F,13.7,7.863
CHEMBL3634710,Fc1cc(C)nc(c1)c1[nH]c(nc1c1ccc2n(c1)ncn2)CNc1ccccc1F,41.9,7.378
CHEMBL3634705,Cc1ccc(c(n1)c1[nH]c(nc1c1ccc2n(c1)ncn2)CNc1ccccc1F)F,12.1,7.917
CHEMBL3261083,Cc1cccc(n1)c1[nH]c(nc1c1ccc2n(c1)ncn2)CNC(=O)c1ccccc1,57,7.244
CHEMBL3260565,Cc1cccc(n1)c1[nH]c(nc1c1ccc2n(c1)ncn2)CSc1ccccc1,21,7.678
CHEMBL3260588,Cc1cccc(n1)c1[nH]c(nc1c1ccc2n(c1)ncn2)CNc1cccc(c1)OC(F)(F)F,23,7.638
CHEMBL3260595,COC(=O)c1cccc(c1)NCc1[nH]c(c(n1)c1ccc2n(c1)ncn2)c1cccc(n1)C,17,7.77
CHEMBL3260600,Cc1cccc(n1)c1[nH]c(nc1c1ccc2n(c1)ncn2)CNc1ccc(cc1)Br,17,7.77
CHEMBL3260617,COc1c(cccc1OC)NCc1nc(c([nH]1)c1cccc(n1)C)c1ccc2n(c1)ncn2,58,7.237
CHEMBL3260564,Cc1cccc(n1)c1[nH]c(nc1c1ccc2n(c1)ncn2)COc1ccccc1,13,7.886
CHEMBL1824436,N#Cc1cccc(c1)NC(=O)Cn1ncc(c1c1cccc(n1)C)c1ccc2c(c1)nccn2,737,6.133
CHEMBL2385579,O1CCN(CC1)c1ccc(cc1)c1cnc2n(c1)ncc2c1cn[nH]c1,10900,4.963
CHEMBL3260618,N#Cc1c(cccc1C#N)NCc1nc(c([nH]1)c1cccc(n1)C)c1ccc2n(c1)ncn2,21,7.678
CHEMBL3260900,N#Cc1cc(NCc2[nH]c(c(n2)c2ccc3n(c2)ncn3)c2cccc(n2)C)cc(c1)N(C)C,2.6,8.585
CHEMBL3260615,Cc1cccc(n1)c1[nH]c(nc1c1ccc2n(c1)ncn2)CNc1cccc(c1Cl)Cl,12,7.921
CHEMBL261762,ClCCOc1ccc2c(c1)nccc2c1c2CCCn2nc1c1ccccn1,33,7.481
CHEMBL411741,Cc1cccc(n1)c1nn2c(c1c1ccnc3c1cccc3F)CCC2,928,6.032
CHEMBL1835630,COc1cc(cc(c1)OC)NC(=S)n1nc(c(c1)c1ccc2n(c1)ncn2)c1cccc(n1)C,2.49,8.604
CHEMBL1835621,Cc1cccc(n1)c1nn(cc1c1ccc2n(c1)ncn2)C(=S)Nc1ccccc1OC(F)(F)F,3.98,8.4
CHEMBL3260627,Cc1cccc(n1)c1[nH]c(nc1c1ccc2n(c1)ncn2)CNc1cc(ccc1F)N(C)C,2.9,8.538
CHEMBL1766454,N#Cc1cccc(c1)NC(=S)Cn1nc(c(c1)c1ccc2c(c1)cccn2)c1cccc(n1)C,51,7.292
CHEMBL4279935,Cc1cccc(n1)c1nn2c(c1c1ccncc1)C(C(C2)(C)C)C,181,6.742
CHEMBL4277446,Oc1ccc(cc1)c1c(nn2c1[C@@H](C)C(C2)(C)C)c1cccc(n1)C,197,6.706
CHEMBL3260582,Cc1cccc(n1)c1[nH]c(nc1c1ccc2n(c1)ncn2)CNc1cccc(c1)Cl,6,8.222
CHEMBL3260611,COC(=O)c1ccc(cc1)NCc1[nH]c(c(n1)c1ccc2n(c1)ncn2)c1cccc(n1)C,78,7.108
CHEMBL3260580,CC(=O)Nc1ccccc1NCc1[nH]c(c(n1)c1ccc2n(c1)ncn2)c1cccc(n1)C,40,7.398
CHEMBL3260610,Cc1cccc(n1)c1[nH]c(nc1c1ccc2n(c1)ncn2)CNc1ccc(cc1)C(=O)C,59,7.229
CHEMBL1766440,Cc1cccc(n1)c1nn(cc1c1ccc2c(c1)cccn2)CC(=O)Nc1ccccc1,207,6.684
CHEMBL3261096,N#Cc1cccc(c1)NC(=S)Cn1cc(c(n1)c1cccc(n1)C)c1ccc2n(c1)ncn2,18,7.745
CHEMBL3260571,CCc1ccccc1NCc1[nH]c(c(n1)c1ccc2n(c1)ncn2)c1cccc(n1)C,11,7.959
CHEMBL3260575,CSc1ccccc1NCc1[nH]c(c(n1)c1ccc2n(c1)ncn2)c1cccc(n1)C,10,8
CHEMBL3260581,Cc1cccc(n1)c1[nH]c(nc1c1ccc2n(c1)ncn2)CNc1cccc(c1)F,9,8.046
CHEMBL3260601,Cc1cccc(n1)c1[nH]c(nc1c1ccc2n(c1)ncn2)CNc1ccc(cc1)C,16,7.796
CHEMBL3260608,Cc1cccc(n1)c1[nH]c(nc1c1ccc2n(c1)ncn2)CNc1ccc(cc1)C(=O)N,55,7.26
CHEMBL3260589,CSc1cccc(c1)NCc1nc(c([nH]1)c1cccc(n1)C)c1ccc2n(c1)ncn2,7,8.155
CHEMBL3260590,C=Cc1cccc(c1)NCc1nc(c([nH]1)c1cccc(n1)C)c1ccc2n(c1)ncn2,12,7.921
CHEMBL1766450,O=C(Nc1ccccc1)CCn1nc(c(c1)c1ccc2c(c1)cccn2)c1cccc(n1)C,25,7.602
CHEMBL3260621,Cc1cccc(n1)c1[nH]c(nc1c1ccc2n(c1)ncn2)CNc1ccc(c(c1)C)C,17,7.77
CHEMBL3260628,CN(Cc1ccc(c(c1)NCc1[nH]c(c(n1)c1ccc2n(c1)ncn2)c1cccc(n1)C)F)C,15.3,7.815
CHEMBL2024690,Cc1cccc(n1)n1nccc1c1ccc2c(c1)c(=O)[nH]cn2,6,8.222
CHEMBL406407,Clc1nc2ccccc2c(c1)c1c(nn2c1CCC2)c1ccccn1,19800,4.703
CHEMBL411855,CN(CCCCCOc1ccc2c(c1)nccc2c1c2CCCn2nc1c1ccccn1)C,47,7.328
CHEMBL410308,CN(CCNC(=O)c1ccc2c(c1)c(ccn2)c1c2CCCn2nc1c1cccc(n1)C)C,193,6.714
CHEMBL1688215,Nc1nccc(n1)c1ccc2c(c1)[nH]nc2N,1584.89,5.8
CHEMBL593710,N#CCc1cccc(c1)c1c(=O)n(n(c1c1ccc2c(c1)nccn2)C)C,4400,5.357
CHEMBL1824438,O=C(Nc1ccccc1)CCn1nc(c(c1)c1ccc2c(c1)nccn2)c1cccc(n1)C,82,7.086
CHEMBL1824442,N#Cc1cccc(c1)NC(=S)Cn1nc(c(c1)c1ccc2c(c1)nccn2)c1cccc(n1)C,26,7.585
CHEMBL2435036,Cc1cccc(n1)c1nc(cn1c1ccc2c(c1)OCO2)CNc1ccc(cc1)C(=O)N,800,6.097
CHEMBL2088222,N#Cc1cccc(c1)CNc1nc(c(s1)c1cccc(n1)C)c1ccc2n(c1)ncn2,25.1,7.6
CHEMBL2087985,Cc1cccc(n1)c1nc(sc1c1ccc2n(c1)ncn2)NCc1cccc(c1Cl)Cl,34.3,7.465
CHEMBL1835711,Cc1cccc(n1)c1nn(cc1c1ccc2n(c1)nc(n2)C)C(=S)Nc1ccccc1,102,6.991
CHEMBL1835532,N#Cc1ccc(cc1)NC(=S)n1nc(c(c1)c1ccc2n(c1)ncn2)c1cccc(n1)C,2.95,8.53
CHEMBL1835520,Cc1cccc(n1)c1nn(cc1c1ccc2n(c1)ncn2)C(=S)Nc1cccc(c1)C,3.98,8.4
CHEMBL3260572,Cc1cccc(n1)c1[nH]c(nc1c1ccc2n(c1)ncn2)CNc1ccccc1C(C)C,14,7.854
CHEMBL3260594,Cc1cccc(n1)c1[nH]c(nc1c1ccc2n(c1)ncn2)CNc1cccc(c1)C(=O)C,13,7.886
CHEMBL3260596,Cc1cccc(n1)c1[nH]c(nc1c1ccc2n(c1)ncn2)CNc1cccc(c1)NS(=O)(=O)C,15,7.824
CHEMBL3260605,CSc1ccc(cc1)NCc1[nH]c(c(n1)c1ccc2n(c1)ncn2)c1cccc(n1)C,40,7.398
CHEMBL2324833,COc1ccccc1c1nnn(c1c1ccc2c(c1)nccn2)c1cccc(n1)C,34500,4.462
CHEMBL2087980,Cc1cccc(n1)c1nc(sc1c1ccc2n(c1)ncn2)NCc1ccccc1C,16.9,7.772
CHEMBL2087966,Cc1cccc(n1)c1nc(sc1c1ccc2n(c1)ncn2)NCc1cccc(c1)F,7.01,8.154
CHEMBL3634709,Fc1cc(C)nc(c1)c1[nH]c(nc1c1ccc2n(c1)ncn2)CNc1ccccc1,72.5,7.14
CHEMBL2087971,N#Cc1cccc(c1)CNc1nc(c(s1)c1ccc2n(c1)ncn2)c1cccc(n1)C,9.26,8.033
CHEMBL2087986,Cc1cccc(n1)c1nc(sc1c1ccc2n(c1)ncn2)NCc1ccc(c(c1)Cl)Cl,21.9,7.66
CHEMBL2087973,Cc1cccc(n1)c1nc(sc1c1ccc2n(c1)ncn2)NCc1ccc(cc1)Cl,15.8,7.801
CHEMBL2087969,COc1cccc(c1)CNc1nc(c(s1)c1ccc2n(c1)ncn2)c1cccc(n1)C,11.4,7.943
CHEMBL2088224,Cc1cccc(n1)c1sc(nc1c1ccc2n(c1)ncn2)NCc1ccccc1F,21.2,7.674
CHEMBL2088223,Cc1cccc(n1)c1sc(nc1c1ccc2n(c1)ncn2)NCc1cccc(c1)C(=O)N,12,7.921
CHEMBL1829504,c1ccc(nc1)c1n[nH]cc1c1ccnc(c1)n1cccn1,77,7.114
CHEMBL1835529,Cc1cccc(n1)c1nn(cc1c1ccc2n(c1)ncn2)C(=S)Nc1ccc(cc1)C(F)(F)F,3.04,8.517
CHEMBL1835519,Cc1cccc(n1)c1nn(cc1c1ccc2n(c1)ncn2)C(=S)Nc1cccc(c1)Cl,2.37,8.625
CHEMBL4292878,COCC1c2n(CC1(C)C)nc(c2c1ccncc1)c1cccc(n1)C,743,6.129
CHEMBL4284609,Clc1nccc(c1)c1c(nn2c1CC(C2)(C)C)c1cccc(n1)C,1228,5.911
CHEMBL2024685,C=Cn1cnc2c(c1=O)cc(cc2)c1ccnn1c1cccc(n1)C,4,8.398
CHEMBL3260624,Cc1cccc(n1)c1[nH]c(nc1c1ccc2n(c1)ncn2)CNc1cc(Cl)cc(c1)Cl,15,7.824
CHEMBL3260568,Cc1cccc(n1)c1[nH]c(nc1c1ccc2n(c1)ncn2)CNc1ccccc1Cl,9,8.046
CHEMBL3260598,Cc1cccc(n1)c1[nH]c(nc1c1ccc2n(c1)ncn2)CNc1ccc(cc1)F,17,7.77
CHEMBL3260622,COc1ccc(cc1OC)NCc1[nH]c(c(n1)c1ccc2n(c1)ncn2)c1cccc(n1)C,44,7.357
CHEMBL3260569,Cc1cccc(n1)c1[nH]c(nc1c1ccc2n(c1)ncn2)CNc1ccccc1Br,7,8.155
CHEMBL3260574,Cc1cccc(n1)c1[nH]c(nc1c1ccc2n(c1)ncn2)CNc1ccccc1OC(F)(F)F,12,7.921
CHEMBL3260613,CC(=O)Nc1ccc(cc1)NCc1[nH]c(c(n1)c1ccc2n(c1)ncn2)c1cccc(n1)C,39,7.409
CHEMBL2088216,COc1c(cccc1OC)CNc1nc(c(s1)c1ccc2n(c1)ncn2)c1cccc(n1)C,43.5,7.362
CHEMBL3634706,N#Cc1cccc(c1)NCc1[nH]c(c(n1)c1ccc2n(c1)ncn2)c1nc(C)ccc1F,9.23,8.035
CHEMBL1835710,Cc1cccc(n1)c1nn(cc1c1ccc2n(c1)ncn2)C(=S)NC1CCN(CC1)Cc1ccccc1,95.7,7.019
CHEMBL2208002,Cc1csc(n1)c1nc([nH]c1c1ccc2c(c1)scn2)C1CCNCC1,240,6.62
CHEMBL497949,O=C1Nc2c(/C/1=C(\c1ccccc1)/Nc1ccc(cc1)CN1CCCCC1)ccc(c2)C(=O)N,369,6.433
CHEMBL1271631,CCN(C(=O)c1ccc2c(c1)NC(=O)/C/2=C(/c1ccccc1)\Nc1ccc(cc1)CCN(C)C)C,64,7.194
CHEMBL3634800,NC(=O)c1cccc(c1)NCc1[nH]c(c(n1)c1ccc2n(c1)ncn2)c1ccc(c(n1)C)F,10.8,7.967
CHEMBL3261092,Cc1cccc(n1)c1nn(cc1c1ccc2n(c1)ncn2)CC(=O)Nc1ccccc1F,85,7.071
CHEMBL1271853,CCNC(=O)c1ccc2c(c1)NC(=O)/C/2=C(/c1ccccc1)\Nc1ccc(cc1)N(C(=O)CN1CCN(CC1)C)C,9,8.046
CHEMBL2324829,OCCCCc1nnn(c1c1ccc2c(c1)nccn2)c1cccc(n1)C,50800,4.294
CHEMBL3260620,Cc1cccc(n1)c1[nH]c(nc1c1ccc2n(c1)ncn2)CNc1ccc(c(c1)Cl)Cl,8,8.097
CHEMBL3260906,N#Cc1ccc(c(c1)NCc1[nH]c(c(n1)c1ccc2n(c1)ncn2)c1cccc(n1)C)CN1CCCC1,6.8,8.167
CHEMBL3261086,Cc1cccc(n1)c1[nH]c(nc1c1ccc2n(c1)ncn2)CNC(=O)c1cccc(c1)C(=O)N,106,6.975
CHEMBL3260602,Cc1cccc(n1)c1[nH]c(nc1c1ccc2n(c1)ncn2)CNc1ccc(cc1)C(C)C,46,7.337
CHEMBL3260901,N#Cc1cc(NCc2[nH]c(c(n2)c2ccc3n(c2)ncn3)c2cccc(n2)C)cc(c1)CN(C)C,4.9,8.31
CHEMBL3260898,N#Cc1cccc(c1CN1CCCC1)NCc1[nH]c(c(n1)c1ccc2n(c1)ncn2)c1cccc(n1)C,5.6,8.252
CHEMBL478629,C1CCN(CC1)CCOc1ccc(cc1)c1cnc2n(c1)ncc2c1ccncc1,10000,5
CHEMBL594867,Cn1c(=O)c(c(n1C)c1ccc2c(c1)nccn2)c1cccc(c1)C(F)(F)F,1100,5.959
CHEMBL4217935,N[C@@H]1CCN(C[C@H]1O)Cc1ccn2c1c(Nc1ccncc1F)nc(n2)c1ccccn1,4.4,8.357
CHEMBL4206793,Cc1cccc(n1)c1nc(Nc2ccncc2)c2n(n1)ccc2,1.3,8.886
CHEMBL1824434,O=C(Cn1ncc(c1c1cccc(n1)C)c1ccc2c(c1)nccn2)Nc1ccccc1,143,6.845
CHEMBL3260897,N#Cc1cccc(c1CN(C)C)NCc1nc(c([nH]1)c1cccc(n1)C)c1ccc2n(c1)ncn2,2.4,8.62
CHEMBL3261085,N#Cc1cccc(c1)C(=O)NCc1nc(c([nH]1)c1cccc(n1)C)c1ccc2n(c1)ncn2,90,7.046
CHEMBL3261091,Cc1cccc(n1)c1nn(cc1c1ccc2n(c1)ncn2)CC(=O)Nc1ccccc1,78,7.108
CHEMBL2435039,CC(NC(=O)NCc1nc(n(c1)c1ccc2c(c1)OCO2)c1cccc(n1)C)C,2080,5.682
CHEMBL3261087,Cc1cccc(n1)c1[nH]c(nc1c1ccc2n(c1)ncn2)CNC(=S)c1ccccc1,48,7.319
CHEMBL3341788,COc1cc(cc(c1OC)OC)c1cc(cnc1Cl)c1ccc(cc1)N1CCNCC1,99000,4.004
CHEMBL4284434,Clc1nccc(c1)c1c(nn2c1C(C)C(C2)(C)C)c1cccc(n1)C,517,6.287
CHEMBL3634708,C=Cc1cccc(c1)NCc1[nH]c(c(n1)c1ccc2n(c1)ncn2)c1nc(C)ccc1F,9.81,8.008
CHEMBL3261089,N#Cc1cccc(c1)C(=S)NCc1nc(c([nH]1)c1cccc(n1)C)c1ccc2n(c1)ncn2,36,7.444
CHEMBL4211574,Cc1cccc(n1)c1nc(Nc2c(F)cncc2F)c2n(n1)ccc2,3.4,8.469
CHEMBL4218893,COc1cccc(n1)c1nc(Nc2ccncc2)c2n(n1)ccc2,19,7.721
CHEMBL3260904,N#Cc1ccc(c(c1)NCc1[nH]c(c(n1)c1ccc2n(c1)ncn2)c1cccc(n1)C)N(C)C,1.3,8.886
CHEMBL3261093,N#Cc1cccc(c1)NC(=O)Cn1cc(c(n1)c1cccc(n1)C)c1ccc2n(c1)ncn2,27,7.569
CHEMBL2435040,Cc1cccc(n1)c1nc(cn1c1ccc2c(c1)OCO2)CNC(=O)N1CCOCC1,1780,5.75
CHEMBL2435043,CCOC(=O)c1nc(n(c1)c1ccc2c(c1)OCO2)c1cccc(n1)C,2430,5.614
CHEMBL3341941,COc1cc(cc(c1OC)OC)c1cc(cnc1N)c1ccc(cc1)O,580,6.237
CHEMBL4205979,Cc1cccc(n1)c1nc(Nc2ccnc3c2cccc3)c2n(n1)ccc2,1.6,8.796
CHEMBL3634799,N#Cc1cccc(c1)NCc1[nH]c(c(n1)c1ccc2n(c1)ncn2)c1ccc(c(n1)C)F,7.68,8.115
CHEMBL3260903,N#Cc1cc(NCc2[nH]c(c(n2)c2ccc3n(c2)ncn3)c2cccc(n2)C)cc(c1)CN1CCOCC1,3.3,8.481
CHEMBL3260566,Cc1cccc(n1)c1[nH]c(nc1c1ccc2n(c1)ncn2)CNc1ccccc1,13,7.886
CHEMBL3260592,Cc1cccc(n1)c1[nH]c(nc1c1ccc2n(c1)ncn2)CNc1cccc(c1)C(=O)N,9,8.046
CHEMBL3260607,N#Cc1ccc(cc1)NCc1[nH]c(c(n1)c1ccc2n(c1)ncn2)c1cccc(n1)C,32,7.495
CHEMBL3260616,Cc1cccc(n1)c1[nH]c(nc1c1ccc2n(c1)ncn2)CNc1cccc(c1C)C,18,7.745
CHEMBL3260577,N#Cc1ccccc1NCc1[nH]c(c(n1)c1ccc2n(c1)ncn2)c1cccc(n1)C,20,7.699
CHEMBL3260579,Cc1cccc(n1)c1[nH]c(nc1c1ccc2n(c1)ncn2)CNc1ccccc1NS(=O)(=O)C,15,7.824
CHEMBL3260591,N#Cc1cccc(c1)NCc1nc(c([nH]1)c1cccc(n1)C)c1ccc2n(c1)ncn2,5,8.301
CHEMBL3260603,COc1ccc(cc1)NCc1[nH]c(c(n1)c1ccc2n(c1)ncn2)c1cccc(n1)C,48,7.319
CHEMBL3260612,Cc1cccc(n1)c1[nH]c(nc1c1ccc2n(c1)ncn2)CNc1ccc(cc1)NS(=O)(=O)C,47,7.328
CHEMBL2435041,O=C(Nc1ccccc1)NCc1nc(n(c1)c1ccc2c(c1)OCO2)c1cccc(n1)C,950,6.022
CHEMBL4217699,Fc1cnccc1Nc1nc(nc2c1cc[nH]2)c1cccc(n1)C(F)(F)F,0.55,9.26
CHEMBL3707020,C#Cc1ccc(cc1)CNc1[nH]c(c(n1)c1ccc2c(c1)OCO2)c1cccc(n1)C,153,6.815
CHEMBL585117,OCCC(=O)Nc1ccc2c(c1)nccc2c1c2CCCn2nc1c1ccccn1,32,7.495
CHEMBL2435044,OCc1cn(c(n1)c1cccc(n1)C)c1ccc2c(c1)OCO2,990,6.004
CHEMBL566256,CS(=O)(=O)c1ccc(cc1)c1c2CCCn2nc1c1ccccn1,19500,4.71
CHEMBL585505,Cc1cccc(n1)c1nc([nH]c1c1ccnc(c1)c1ccc(cc1)C(=O)NC1CCOCC1)C(C)C,25,7.602
CHEMBL585700,Nc1ccc2c(c1)nccc2c1c2CCCn2nc1c1ccccn1,59,7.229
CHEMBL567287,O=C(Nc1ccc(cc1)c1nccc(c1)c1c[nH]nc1c1ccccn1)CN1CCCC1,110,6.959
CHEMBL4216706,CC(=O)Nc1nccc(c1)Nc1nc(nn2c1ccc2)c1cccc(n1)C(F)(F)F,1.4,8.854
CHEMBL4210246,Cc1cccc(n1)c1nc(Nc2ccncc2F)c2c(n1)[nH]cc2,7,8.155
CHEMBL2435035,N#Cc1ccc(cc1)NCc1nc(n(c1)c1ccc2c(c1)OCO2)c1cccc(n1)C,650,6.187
CHEMBL4287654,CCc1cccc(n1)c1nn2c(c1c1ccc(cc1)O)C(C(C2)(C)C)C,98,7.009
CHEMBL4204772,Fc1cnccc1Nc1nc(nn2c1ccc2)c1ccccn1,1.7,8.77
CHEMBL4289487,N#Cc1c(C)cccc1c1nn2c(c1c1ccncc1)C(C(C2)(C)C)C,162,6.79
CHEMBL3341942,COc1cc(cc(c1OC)OC)c1cc(cnc1N)c1ccc(c(c1)OC)O,2300,5.638
CHEMBL2385582,O1CCN(CC1)c1ccc(cc1)c1cnc2n(c1)ncc2c1ccnc2c1cccc2,178,6.75
CHEMBL3261090,Cc1cccc(n1)c1[nH]c(nc1c1ccc2n(c1)ncn2)CNC(=S)c1cccc(c1)C(=O)N,22,7.658
CHEMBL4278812,N#Cc1c(C)cccc1c1nn2c(c1c1ccc(cc1)O)C(C(C2)(C)C)C,341,6.467
CHEMBL3261095,Cc1cccc(n1)c1nn(cc1c1ccc2n(c1)ncn2)CC(=S)Nc1ccccc1F,29,7.538
CHEMBL3261088,Cc1cccc(n1)c1[nH]c(nc1c1ccc2n(c1)ncn2)CNC(=S)c1ccccc1F,27,7.569
CHEMBL3823101,COc1cc(CN(C)C)c(cc1c1cn(C)c(=O)c2c1ccnc2)OC,5140,5.289
CHEMBL3261084,Cc1cccc(n1)c1[nH]c(nc1c1ccc2n(c1)ncn2)CNC(=O)c1ccccc1F,37,7.432
CHEMBL4279160,COc1ccc(cn1)c1c([nH]c2c1nccc2)c1ccnc(c1)NC(=O)C,3,8.523
CHEMBL4289841,CC(=O)Nc1nccc(c1)c1[nH]c2c(c1c1ccc(nc1)F)nccc2,22,7.658
CHEMBL4284266,CCc1cccc(n1)c1nn2c(c1c1ccc(cc1)OC)C(C(C2)(C)C)C,805,6.094
CHEMBL4292491,Cc1cccc(n1)c1nn2c(c1c1ccnc(c1)Nc1ccc(cc1)S(=O)(=O)N)CC(C2)(C)C,147,6.833
CHEMBL4287843,Cc1nccc(c1)c1c(nn2c1C(C)C(C2)(C)C)c1cccc(n1)C,548,6.261
CHEMBL4277338,CC(=O)Nc1nccc(c1)c1[nH]c2c(c1c1ccc(cn1)OC(F)F)nccc2,11,7.959
CHEMBL4285692,CC1(C)Cc2n(C1)nc(c2c1ccncc1)c1ccccn1,1940,5.712
CHEMBL4292047,CC(=O)Nc1nccc(c1)c1[nH]c2c(c1c1cccc(n1)C)nccc2,2,8.699
CHEMBL4276896,Cc1cccc(n1)c1nn2c(c1c1ccncc1)CC(C2)(C)C,406,6.391
CHEMBL4214237,OCCN1CCN(CC1)CC(=O)Nc1nccc(c1)Nc1nc(nn2c1ccc2)c1cccc(n1)C(F)(F)F,2.1,8.678
CHEMBL4209583,CC(=O)Nc1nccc(c1)Nc1nc(nc2c1cc[nH]2)c1cccc(n1)C(F)(F)F,1,9
CHEMBL4210079,CC(NC(=O)c1cnccc1Nc1nc(nn2c1ccc2)c1cccc(n1)C)C,62,7.208
CHEMBL4205457,Cc1cccc(n1)c1nc(Nc2ccncc2F)c2n(n1)ccc2,0.96,9.018
CHEMBL3260902,N#Cc1cc(NCc2[nH]c(c(n2)c2ccc3n(c2)ncn3)c2cccc(n2)C)cc(c1)CN1CCCC1,17.8,7.75
CHEMBL3260619,Cc1cccc(n1)c1[nH]c(nc1c1ccc2n(c1)ncn2)CNc1ccc(c(c1)F)F,10,8
CHEMBL3823478,COc1cc(cc(c1CN(C)C)OC)c1cn(C)c(=O)c2c1ccnc2,3850,5.415
CHEMBL3634704,Cc1ccc(c(n1)c1[nH]c(nc1c1ccc2n(c1)ncn2)CNc1ccccc1)F,9.76,8.011
CHEMBL3634707,Cc1ccc(c(n1)c1[nH]c(nc1c1ccc2n(c1)ncn2)CNc1cccc(c1)C(=O)N)F,11,7.959
CHEMBL4209835,Cc1cccc(n1)c1nc(Nc2ccncc2F)c2c(n1)[nH]cn2,5.2,8.284
CHEMBL4287412,CCc1cccc(n1)c1nn2c(c1c1ccnc(c1)Cl)C(C(C2)(C)C)C,2745,5.561
CHEMBL4202469,FC(c1cccc(n1)c1nc(Nc2ccncc2)c2n(n1)ccc2)(F)F,6.8,8.167
CHEMBL3341955,COc1cc(cc(c1OC)OC)c1cc(cnc1N(C)C)c1ccc(cc1)N1CCNCC1,115000,3.939
CHEMBL3341790,COc1ncc(cc1c1cc(OC)c(c(c1)OC)OC)c1ccc(cc1)N1CCNCC1,82000,4.086
CHEMBL3341795,COc1cc(OC)cc(c1)c1cncc(c1)c1ccc(cc1)N1CCNCC1,26000,4.585
CHEMBL4288745,CCc1cccc(n1)c1nn2c(c1c1ccc(cc1)O)[C@@H](C(C2)(C)C)C,137,6.863
CHEMBL4287261,N#Cc1ccccc1c1nn2c(c1c1ccncc1)C(C(C2)(C)C)C,1288,5.89
CHEMBL4279331,N#Cc1ccccc1c1nn2c(c1c1ccc(cc1)O)C(C(C2)(C)C)C,5194,5.284
CHEMBL4291439,Oc1ccc(cc1)c1c2CC(Cn2nc1c1cccc(n1)C)(C)C,229,6.64
CHEMBL4288634,COc1ccc(nc1)c1c([nH]c2c1nccc2)c1ccnc(c1)NC(=O)C,6,8.222
CHEMBL4280660,CC(=O)Nc1nccc(c1)c1[nH]c2c(c1c1ccc(cn1)Cl)nccc2,2,8.699
CHEMBL4285292,CC(=O)Nc1nccc(c1)c1[nH]c2c(c1c1ccc(cn1)C)nccc2,5,8.301
CHEMBL4205456,CC(=O)Nc1nccc(c1)Nc1nc(nc2c1nc[nH]2)c1cccc(n1)C(F)(F)F,1.1,8.959
CHEMBL4206910,CC(=O)Nc1ncc(c(c1)Nc1nc(nn2c1ccc2)c1cccc(n1)C(F)(F)F)F,25,7.602
CHEMBL4214470,N[C@@H]1CC[C@@H](CC1)NCc1ccn2c1c(Nc1ccncc1F)nc(n2)c1ccccn1,4.3,8.367
CHEMBL4276907,CC(=O)Nc1nccc(c1)c1[nH]c2c(c1c1cccc(n1)C(F)(F)F)nccc2,2,8.699
CHEMBL4281030,CCc1cccc(n1)c1nn2c(c1c1ccncc1)C(C(C2)(C)C)C,183,6.738
CHEMBL4281195,Oc1ccc(cc1)c1c2CC(Cn2nc1c1ccccn1)(C)C,1985,5.702
CHEMBL4291307,CC(=O)Nc1nccc(c1)c1[nH]c2c(c1c1ccc(cn1)F)nccc2,3,8.523
CHEMBL4277755,N#Cc1ccccc1c1nn2c(c1c1ccncc1)CC(C2)(C)C,2518,5.599
CHEMBL4277021,Oc1ccc(cc1)c1c(nn2c1C(C)C(C2)(C)C)c1cccc(n1)C,80,7.097
CHEMBL2087981,Cc1cccc(n1)c1nc(sc1c1ccc2n(c1)ncn2)NCc1ccccc1OC(F)(F)F,35.9,7.445
CHEMBL2087977,N#Cc1ccc(cc1)CNc1sc(c(n1)c1cccc(n1)C)c1ccc2n(c1)ncn2,30.8,7.511
CHEMBL2087970,Cc1cccc(n1)c1nc(sc1c1ccc2n(c1)ncn2)NCc1cccc(c1)OC(F)(F)F,19.3,7.714
CHEMBL4292170,COc1ccc(cc1)c1c(nn2c1C(C)C(C2)(C)C)c1cccc(n1)C,612,6.213
CHEMBL4291675,Cc1cccc(n1)c1nn2c(c1c1ccnc(c1)Nc1ccc(cc1)S(=O)(=O)N)C(C(C2)(C)C)C,154,6.812
CHEMBL4283638,CC(c1ccc(cc1)c1cnc2n(c1)ncc2c1ccc(c2c1cccc2)S(=O)(=O)N)N1CCCC1,18650,4.729
CHEMBL4279172,CCc1cccc(n1)c1nn2c(c1c1ccnc(c1)Nc1ccc(cc1)S(=O)(=O)N)C(C(C2)(C)C)C,229,6.64
CHEMBL4294411,CCOC(=O)c1ccc(cc1)c1c(nn2c1C(C)C(C2)(C)C)c1cccc(n1)C,2008,5.697
CHEMBL4206220,N[C@H]1CCN(C[C@@H]1O)Cc1ccn2c1c(Nc1ccncc1F)nc(n2)c1ccccn1,3.9,8.409
CHEMBL4205311,n1ccc(cc1)Nc1nc(nn2c1ccc2)c1ccccn1,2.5,8.602
CHEMBL4285400,Oc1ccc(cc1)c1c(nn2c1[C@H](C)C(C2)(C)C)c1cccc(n1)C,97,7.013
CHEMBL4283308,CCc1cccc(n1)c1nn2c(c1c1ccc(cc1)O)[C@H](C(C2)(C)C)C,261,6.583
CHEMBL4282287,OCC1c2n(CC1(C)C)nc(c2c1ccncc1)c1cccc(n1)C,1413,5.85
