,avg_score,ci_bound,cv_scores,feature_idx,feature_names,std_dev,std_err
50,-0.412290242,0.173779271,[-0.39120284 -0.36263739 -0.47402966 -0.21107094 -0.62251038],"(0, 1, 2, 3, 4, 5, 6, 7, 8, 9, 10, 11, 12, 13, 14, 15, 16, 17, 18, 19, 20, 21, 22, 23, 24, 25, 26, 27, 28, 29, 30, 31, 32, 33, 34, 35, 36, 37, 38, 39, 40, 41, 42, 43, 44, 45, 46, 47, 48, 49)","('NaaNH', 'SaaNH', 'n9FaHRing', 'n6aHRing', 'naHRing', 'n10FaHRing', 'NaaN', 'SaaN', 'nFaHRing', 'nFHRing', 'nHRing', 'n6HRing', 'NaasN', 'SMR_VSA3', 'naRing', 'nBondsA', 'SlogP_VSA8', 'JGI5', 'PEOE_VSA2', 'SaasN', 'MATS1c', 'n9FHRing', 'nN', 'PEOE_VSA1', 'SlogP_VSA1', 'JGI4', 'n6aRing', 'nBondsM', 'MATS3i', 'GATS4c', 'MATS2c', 'NsOH', 'SRW07', 'SRW09', 'SMR_VSA9', 'C3SP2', 'C2SP2', 'C1SP2', 'nHBDon', 'PEOE_VSA3', 'Xch-6d', 'nBase', 'AATSC5i', 'SlogP_VSA6', 'BIC2', 'ATSC1c', 'AATSC3i', 'FCSP3', 'AATS8d', 'SssNH')",0.135206177,0.067603089
49,-0.399300602,0.145318769,[-0.38972664 -0.36258361 -0.46411916 -0.21959141 -0.56048219],"(0, 2, 3, 4, 5, 6, 7, 8, 9, 10, 11, 12, 13, 14, 15, 16, 17, 18, 19, 20, 21, 22, 23, 24, 25, 26, 27, 28, 29, 30, 31, 32, 33, 34, 35, 36, 37, 38, 39, 40, 41, 42, 43, 44, 45, 46, 47, 48, 49)","('NaaNH', 'n9FaHRing', 'n6aHRing', 'naHRing', 'n10FaHRing', 'NaaN', 'SaaN', 'nFaHRing', 'nFHRing', 'nHRing', 'n6HRing', 'NaasN', 'SMR_VSA3', 'naRing', 'nBondsA', 'SlogP_VSA8', 'JGI5', 'PEOE_VSA2', 'SaasN', 'MATS1c', 'n9FHRing', 'nN', 'PEOE_VSA1', 'SlogP_VSA1', 'JGI4', 'n6aRing', 'nBondsM', 'MATS3i', 'GATS4c', 'MATS2c', 'NsOH', 'SRW07', 'SRW09', 'SMR_VSA9', 'C3SP2', 'C2SP2', 'C1SP2', 'nHBDon', 'PEOE_VSA3', 'Xch-6d', 'nBase', 'AATSC5i', 'SlogP_VSA6', 'BIC2', 'ATSC1c', 'AATSC3i', 'FCSP3', 'AATS8d', 'SssNH')",0.113062939,0.05653147
48,-0.401892168,0.158022364,[-0.39951853 -0.33480586 -0.48145613 -0.21699042 -0.57668991],"(0, 2, 3, 4, 5, 6, 7, 8, 9, 10, 11, 12, 13, 14, 15, 16, 17, 18, 19, 20, 21, 22, 23, 24, 26, 27, 28, 29, 30, 31, 32, 33, 34, 35, 36, 37, 38, 39, 40, 41, 42, 43, 44, 45, 46, 47, 48, 49)","('NaaNH', 'n9FaHRing', 'n6aHRing', 'naHRing', 'n10FaHRing', 'NaaN', 'SaaN', 'nFaHRing', 'nFHRing', 'nHRing', 'n6HRing', 'NaasN', 'SMR_VSA3', 'naRing', 'nBondsA', 'SlogP_VSA8', 'JGI5', 'PEOE_VSA2', 'SaasN', 'MATS1c', 'n9FHRing', 'nN', 'PEOE_VSA1', 'SlogP_VSA1', 'n6aRing', 'nBondsM', 'MATS3i', 'GATS4c', 'MATS2c', 'NsOH', 'SRW07', 'SRW09', 'SMR_VSA9', 'C3SP2', 'C2SP2', 'C1SP2', 'nHBDon', 'PEOE_VSA3', 'Xch-6d', 'nBase', 'AATSC5i', 'SlogP_VSA6', 'BIC2', 'ATSC1c', 'AATSC3i', 'FCSP3', 'AATS8d', 'SssNH')",0.122946768,0.061473384
47,-0.403185235,0.143990567,[-0.38664217 -0.36202135 -0.48277091 -0.22760726 -0.55688449],"(0, 2, 3, 4, 5, 6, 7, 8, 9, 10, 11, 12, 13, 14, 16, 17, 18, 19, 20, 21, 22, 23, 24, 26, 27, 28, 29, 30, 31, 32, 33, 34, 35, 36, 37, 38, 39, 40, 41, 42, 43, 44, 45, 46, 47, 48, 49)","('NaaNH', 'n9FaHRing', 'n6aHRing', 'naHRing', 'n10FaHRing', 'NaaN', 'SaaN', 'nFaHRing', 'nFHRing', 'nHRing', 'n6HRing', 'NaasN', 'SMR_VSA3', 'naRing', 'SlogP_VSA8', 'JGI5', 'PEOE_VSA2', 'SaasN', 'MATS1c', 'n9FHRing', 'nN', 'PEOE_VSA1', 'SlogP_VSA1', 'n6aRing', 'nBondsM', 'MATS3i', 'GATS4c', 'MATS2c', 'NsOH', 'SRW07', 'SRW09', 'SMR_VSA9', 'C3SP2', 'C2SP2', 'C1SP2', 'nHBDon', 'PEOE_VSA3', 'Xch-6d', 'nBase', 'AATSC5i', 'SlogP_VSA6', 'BIC2', 'ATSC1c', 'AATSC3i', 'FCSP3', 'AATS8d', 'SssNH')",0.112029553,0.056014777
46,-0.400594953,0.13898683,[-0.38804621 -0.36638967 -0.45968706 -0.23076158 -0.55809024],"(0, 2, 3, 4, 5, 6, 8, 9, 10, 11, 12, 13, 14, 16, 17, 18, 19, 20, 21, 22, 23, 24, 26, 27, 28, 29, 30, 31, 32, 33, 34, 35, 36, 37, 38, 39, 40, 41, 42, 43, 44, 45, 46, 47, 48, 49)","('NaaNH', 'n9FaHRing', 'n6aHRing', 'naHRing', 'n10FaHRing', 'NaaN', 'nFaHRing', 'nFHRing', 'nHRing', 'n6HRing', 'NaasN', 'SMR_VSA3', 'naRing', 'SlogP_VSA8', 'JGI5', 'PEOE_VSA2', 'SaasN', 'MATS1c', 'n9FHRing', 'nN', 'PEOE_VSA1', 'SlogP_VSA1', 'n6aRing', 'nBondsM', 'MATS3i', 'GATS4c', 'MATS2c', 'NsOH', 'SRW07', 'SRW09', 'SMR_VSA9', 'C3SP2', 'C2SP2', 'C1SP2', 'nHBDon', 'PEOE_VSA3', 'Xch-6d', 'nBase', 'AATSC5i', 'SlogP_VSA6', 'BIC2', 'ATSC1c', 'AATSC3i', 'FCSP3', 'AATS8d', 'SssNH')",0.108136475,0.054068238
45,-0.387351171,0.142918124,[-0.36360058 -0.33570661 -0.48115025 -0.22063263 -0.53566578],"(0, 2, 3, 4, 5, 6, 8, 9, 10, 11, 12, 13, 14, 16, 17, 18, 19, 20, 21, 22, 23, 24, 26, 27, 28, 29, 30, 31, 32, 33, 34, 35, 36, 38, 39, 40, 41, 42, 43, 44, 45, 46, 47, 48, 49)","('NaaNH', 'n9FaHRing', 'n6aHRing', 'naHRing', 'n10FaHRing', 'NaaN', 'nFaHRing', 'nFHRing', 'nHRing', 'n6HRing', 'NaasN', 'SMR_VSA3', 'naRing', 'SlogP_VSA8', 'JGI5', 'PEOE_VSA2', 'SaasN', 'MATS1c', 'n9FHRing', 'nN', 'PEOE_VSA1', 'SlogP_VSA1', 'n6aRing', 'nBondsM', 'MATS3i', 'GATS4c', 'MATS2c', 'NsOH', 'SRW07', 'SRW09', 'SMR_VSA9', 'C3SP2', 'C2SP2', 'nHBDon', 'PEOE_VSA3', 'Xch-6d', 'nBase', 'AATSC5i', 'SlogP_VSA6', 'BIC2', 'ATSC1c', 'AATSC3i', 'FCSP3', 'AATS8d', 'SssNH')",0.111195156,0.055597578
44,-0.391303246,0.140597036,[-0.36113587 -0.35991726 -0.48472804 -0.21932455 -0.53141052],"(0, 2, 3, 4, 5, 6, 8, 9, 10, 11, 12, 13, 16, 17, 18, 19, 20, 21, 22, 23, 24, 26, 27, 28, 29, 30, 31, 32, 33, 34, 35, 36, 38, 39, 40, 41, 42, 43, 44, 45, 46, 47, 48, 49)","('NaaNH', 'n9FaHRing', 'n6aHRing', 'naHRing', 'n10FaHRing', 'NaaN', 'nFaHRing', 'nFHRing', 'nHRing', 'n6HRing', 'NaasN', 'SMR_VSA3', 'SlogP_VSA8', 'JGI5', 'PEOE_VSA2', 'SaasN', 'MATS1c', 'n9FHRing', 'nN', 'PEOE_VSA1', 'SlogP_VSA1', 'n6aRing', 'nBondsM', 'MATS3i', 'GATS4c', 'MATS2c', 'NsOH', 'SRW07', 'SRW09', 'SMR_VSA9', 'C3SP2', 'C2SP2', 'nHBDon', 'PEOE_VSA3', 'Xch-6d', 'nBase', 'AATSC5i', 'SlogP_VSA6', 'BIC2', 'ATSC1c', 'AATSC3i', 'FCSP3', 'AATS8d', 'SssNH')",0.10938927,0.054694635
43,-0.388608587,0.120649076,[-0.40566709 -0.35850594 -0.47082383 -0.22419971 -0.48384636],"(0, 2, 3, 4, 5, 6, 8, 9, 10, 11, 12, 13, 17, 18, 19, 20, 21, 22, 23, 24, 26, 27, 28, 29, 30, 31, 32, 33, 34, 35, 36, 38, 39, 40, 41, 42, 43, 44, 45, 46, 47, 48, 49)","('NaaNH', 'n9FaHRing', 'n6aHRing', 'naHRing', 'n10FaHRing', 'NaaN', 'nFaHRing', 'nFHRing', 'nHRing', 'n6HRing', 'NaasN', 'SMR_VSA3', 'JGI5', 'PEOE_VSA2', 'SaasN', 'MATS1c', 'n9FHRing', 'nN', 'PEOE_VSA1', 'SlogP_VSA1', 'n6aRing', 'nBondsM', 'MATS3i', 'GATS4c', 'MATS2c', 'NsOH', 'SRW07', 'SRW09', 'SMR_VSA9', 'C3SP2', 'C2SP2', 'nHBDon', 'PEOE_VSA3', 'Xch-6d', 'nBase', 'AATSC5i', 'SlogP_VSA6', 'BIC2', 'ATSC1c', 'AATSC3i', 'FCSP3', 'AATS8d', 'SssNH')",0.09386908,0.04693454
42,-0.389187802,0.138125954,[-0.39239548 -0.32707721 -0.4679228  -0.2251913  -0.53335221],"(0, 2, 3, 4, 5, 6, 8, 9, 10, 11, 12, 13, 17, 18, 19, 20, 22, 23, 24, 26, 27, 28, 29, 30, 31, 32, 33, 34, 35, 36, 38, 39, 40, 41, 42, 43, 44, 45, 46, 47, 48, 49)","('NaaNH', 'n9FaHRing', 'n6aHRing', 'naHRing', 'n10FaHRing', 'NaaN', 'nFaHRing', 'nFHRing', 'nHRing', 'n6HRing', 'NaasN', 'SMR_VSA3', 'JGI5', 'PEOE_VSA2', 'SaasN', 'MATS1c', 'nN', 'PEOE_VSA1', 'SlogP_VSA1', 'n6aRing', 'nBondsM', 'MATS3i', 'GATS4c', 'MATS2c', 'NsOH', 'SRW07', 'SRW09', 'SMR_VSA9', 'C3SP2', 'C2SP2', 'nHBDon', 'PEOE_VSA3', 'Xch-6d', 'nBase', 'AATSC5i', 'SlogP_VSA6', 'BIC2', 'ATSC1c', 'AATSC3i', 'FCSP3', 'AATS8d', 'SssNH')",0.107466685,0.053733342
41,-0.381973954,0.123230885,[-0.39314019 -0.34184801 -0.47291495 -0.22052854 -0.48143809],"(0, 2, 3, 4, 6, 8, 9, 10, 11, 12, 13, 17, 18, 19, 20, 22, 23, 24, 26, 27, 28, 29, 30, 31, 32, 33, 34, 35, 36, 38, 39, 40, 41, 42, 43, 44, 45, 46, 47, 48, 49)","('NaaNH', 'n9FaHRing', 'n6aHRing', 'naHRing', 'NaaN', 'nFaHRing', 'nFHRing', 'nHRing', 'n6HRing', 'NaasN', 'SMR_VSA3', 'JGI5', 'PEOE_VSA2', 'SaasN', 'MATS1c', 'nN', 'PEOE_VSA1', 'SlogP_VSA1', 'n6aRing', 'nBondsM', 'MATS3i', 'GATS4c', 'MATS2c', 'NsOH', 'SRW07', 'SRW09', 'SMR_VSA9', 'C3SP2', 'C2SP2', 'nHBDon', 'PEOE_VSA3', 'Xch-6d', 'nBase', 'AATSC5i', 'SlogP_VSA6', 'BIC2', 'ATSC1c', 'AATSC3i', 'FCSP3', 'AATS8d', 'SssNH')",0.095877815,0.047938908
40,-0.391169641,0.137584568,[-0.38381348 -0.36219829 -0.48394877 -0.21095888 -0.51492878],"(0, 2, 3, 4, 6, 8, 9, 10, 11, 12, 13, 17, 18, 19, 20, 22, 23, 24, 26, 27, 28, 29, 30, 31, 32, 33, 34, 35, 36, 39, 40, 41, 42, 43, 44, 45, 46, 47, 48, 49)","('NaaNH', 'n9FaHRing', 'n6aHRing', 'naHRing', 'NaaN', 'nFaHRing', 'nFHRing', 'nHRing', 'n6HRing', 'NaasN', 'SMR_VSA3', 'JGI5', 'PEOE_VSA2', 'SaasN', 'MATS1c', 'nN', 'PEOE_VSA1', 'SlogP_VSA1', 'n6aRing', 'nBondsM', 'MATS3i', 'GATS4c', 'MATS2c', 'NsOH', 'SRW07', 'SRW09', 'SMR_VSA9', 'C3SP2', 'C2SP2', 'PEOE_VSA3', 'Xch-6d', 'nBase', 'AATSC5i', 'SlogP_VSA6', 'BIC2', 'ATSC1c', 'AATSC3i', 'FCSP3', 'AATS8d', 'SssNH')",0.107045468,0.053522734
39,-0.372502693,0.12295806,[-0.3607756  -0.36412208 -0.4718816  -0.20532573 -0.46040845],"(0, 2, 3, 4, 6, 8, 9, 10, 11, 12, 13, 17, 18, 19, 20, 22, 23, 24, 26, 27, 28, 29, 30, 31, 32, 33, 34, 35, 36, 39, 40, 41, 42, 43, 44, 46, 47, 48, 49)","('NaaNH', 'n9FaHRing', 'n6aHRing', 'naHRing', 'NaaN', 'nFaHRing', 'nFHRing', 'nHRing', 'n6HRing', 'NaasN', 'SMR_VSA3', 'JGI5', 'PEOE_VSA2', 'SaasN', 'MATS1c', 'nN', 'PEOE_VSA1', 'SlogP_VSA1', 'n6aRing', 'nBondsM', 'MATS3i', 'GATS4c', 'MATS2c', 'NsOH', 'SRW07', 'SRW09', 'SMR_VSA9', 'C3SP2', 'C2SP2', 'PEOE_VSA3', 'Xch-6d', 'nBase', 'AATSC5i', 'SlogP_VSA6', 'BIC2', 'AATSC3i', 'FCSP3', 'AATS8d', 'SssNH')",0.095665548,0.047832774
38,-0.379943938,0.125451661,[-0.39982583 -0.36057018 -0.48114161 -0.20369031 -0.45449176],"(0, 2, 3, 4, 6, 8, 9, 10, 11, 12, 13, 17, 18, 19, 20, 22, 23, 24, 26, 27, 28, 29, 30, 31, 32, 33, 34, 35, 36, 39, 40, 41, 42, 43, 44, 47, 48, 49)","('NaaNH', 'n9FaHRing', 'n6aHRing', 'naHRing', 'NaaN', 'nFaHRing', 'nFHRing', 'nHRing', 'n6HRing', 'NaasN', 'SMR_VSA3', 'JGI5', 'PEOE_VSA2', 'SaasN', 'MATS1c', 'nN', 'PEOE_VSA1', 'SlogP_VSA1', 'n6aRing', 'nBondsM', 'MATS3i', 'GATS4c', 'MATS2c', 'NsOH', 'SRW07', 'SRW09', 'SMR_VSA9', 'C3SP2', 'C2SP2', 'PEOE_VSA3', 'Xch-6d', 'nBase', 'AATSC5i', 'SlogP_VSA6', 'BIC2', 'FCSP3', 'AATS8d', 'SssNH')",0.097605655,0.048802827
37,-0.387826687,0.155214382,[-0.36143875 -0.35147751 -0.47457678 -0.19821684 -0.55342355],"(0, 2, 3, 4, 6, 8, 9, 10, 11, 12, 13, 17, 18, 19, 20, 22, 23, 24, 26, 27, 28, 29, 30, 31, 32, 33, 35, 36, 39, 40, 41, 42, 43, 44, 47, 48, 49)","('NaaNH', 'n9FaHRing', 'n6aHRing', 'naHRing', 'NaaN', 'nFaHRing', 'nFHRing', 'nHRing', 'n6HRing', 'NaasN', 'SMR_VSA3', 'JGI5', 'PEOE_VSA2', 'SaasN', 'MATS1c', 'nN', 'PEOE_VSA1', 'SlogP_VSA1', 'n6aRing', 'nBondsM', 'MATS3i', 'GATS4c', 'MATS2c', 'NsOH', 'SRW07', 'SRW09', 'C3SP2', 'C2SP2', 'PEOE_VSA3', 'Xch-6d', 'nBase', 'AATSC5i', 'SlogP_VSA6', 'BIC2', 'FCSP3', 'AATS8d', 'SssNH')",0.120762062,0.060381031
36,-0.384512961,0.146373368,[-0.36130431 -0.35895529 -0.47744567 -0.19804676 -0.52681278],"(0, 2, 3, 4, 6, 8, 9, 10, 11, 12, 13, 17, 18, 19, 20, 22, 24, 26, 27, 28, 29, 30, 31, 32, 33, 35, 36, 39, 40, 41, 42, 43, 44, 47, 48, 49)","('NaaNH', 'n9FaHRing', 'n6aHRing', 'naHRing', 'NaaN', 'nFaHRing', 'nFHRing', 'nHRing', 'n6HRing', 'NaasN', 'SMR_VSA3', 'JGI5', 'PEOE_VSA2', 'SaasN', 'MATS1c', 'nN', 'SlogP_VSA1', 'n6aRing', 'nBondsM', 'MATS3i', 'GATS4c', 'MATS2c', 'NsOH', 'SRW07', 'SRW09', 'C3SP2', 'C2SP2', 'PEOE_VSA3', 'Xch-6d', 'nBase', 'AATSC5i', 'SlogP_VSA6', 'BIC2', 'FCSP3', 'AATS8d', 'SssNH')",0.113883453,0.056941726
35,-0.392534387,0.143880412,[-0.39160183 -0.36441924 -0.46440958 -0.20411367 -0.53812761],"(0, 2, 3, 4, 6, 8, 9, 10, 12, 13, 17, 18, 19, 20, 22, 24, 26, 27, 28, 29, 30, 31, 32, 33, 35, 36, 39, 40, 41, 42, 43, 44, 47, 48, 49)","('NaaNH', 'n9FaHRing', 'n6aHRing', 'naHRing', 'NaaN', 'nFaHRing', 'nFHRing', 'nHRing', 'NaasN', 'SMR_VSA3', 'JGI5', 'PEOE_VSA2', 'SaasN', 'MATS1c', 'nN', 'SlogP_VSA1', 'n6aRing', 'nBondsM', 'MATS3i', 'GATS4c', 'MATS2c', 'NsOH', 'SRW07', 'SRW09', 'C3SP2', 'C2SP2', 'PEOE_VSA3', 'Xch-6d', 'nBase', 'AATSC5i', 'SlogP_VSA6', 'BIC2', 'FCSP3', 'AATS8d', 'SssNH')",0.111943849,0.055971924
34,-0.373704352,0.128528475,[-0.36606276 -0.34126174 -0.47771147 -0.20752655 -0.47595924],"(0, 2, 3, 4, 6, 8, 9, 10, 12, 13, 17, 19, 20, 22, 24, 26, 27, 28, 29, 30, 31, 32, 33, 35, 36, 39, 40, 41, 42, 43, 44, 47, 48, 49)","('NaaNH', 'n9FaHRing', 'n6aHRing', 'naHRing', 'NaaN', 'nFaHRing', 'nFHRing', 'nHRing', 'NaasN', 'SMR_VSA3', 'JGI5', 'SaasN', 'MATS1c', 'nN', 'SlogP_VSA1', 'n6aRing', 'nBondsM', 'MATS3i', 'GATS4c', 'MATS2c', 'NsOH', 'SRW07', 'SRW09', 'C3SP2', 'C2SP2', 'PEOE_VSA3', 'Xch-6d', 'nBase', 'AATSC5i', 'SlogP_VSA6', 'BIC2', 'FCSP3', 'AATS8d', 'SssNH')",0.09999952,0.04999976
33,-0.380208896,0.145361178,[-0.38914415 -0.3407414  -0.48370279 -0.18729399 -0.50016214],"(0, 2, 3, 4, 6, 8, 9, 10, 12, 13, 17, 19, 20, 22, 24, 26, 28, 29, 30, 31, 32, 33, 35, 36, 39, 40, 41, 42, 43, 44, 47, 48, 49)","('NaaNH', 'n9FaHRing', 'n6aHRing', 'naHRing', 'NaaN', 'nFaHRing', 'nFHRing', 'nHRing', 'NaasN', 'SMR_VSA3', 'JGI5', 'SaasN', 'MATS1c', 'nN', 'SlogP_VSA1', 'n6aRing', 'MATS3i', 'GATS4c', 'MATS2c', 'NsOH', 'SRW07', 'SRW09', 'C3SP2', 'C2SP2', 'PEOE_VSA3', 'Xch-6d', 'nBase', 'AATSC5i', 'SlogP_VSA6', 'BIC2', 'FCSP3', 'AATS8d', 'SssNH')",0.113095935,0.056547967
32,-0.374559586,0.130130798,[-0.36978068 -0.37114531 -0.46439967 -0.19264201 -0.47483025],"(0, 2, 3, 4, 6, 8, 9, 10, 12, 13, 17, 19, 20, 22, 24, 26, 28, 29, 30, 31, 32, 35, 36, 39, 40, 41, 42, 43, 44, 47, 48, 49)","('NaaNH', 'n9FaHRing', 'n6aHRing', 'naHRing', 'NaaN', 'nFaHRing', 'nFHRing', 'nHRing', 'NaasN', 'SMR_VSA3', 'JGI5', 'SaasN', 'MATS1c', 'nN', 'SlogP_VSA1', 'n6aRing', 'MATS3i', 'GATS4c', 'MATS2c', 'NsOH', 'SRW07', 'C3SP2', 'C2SP2', 'PEOE_VSA3', 'Xch-6d', 'nBase', 'AATSC5i', 'SlogP_VSA6', 'BIC2', 'FCSP3', 'AATS8d', 'SssNH')",0.101246182,0.050623091
31,-0.372571688,0.126632311,[-0.35955204 -0.33886066 -0.47527819 -0.21208111 -0.47708644],"(0, 2, 3, 4, 6, 8, 9, 10, 12, 13, 17, 19, 20, 22, 26, 28, 29, 30, 31, 32, 35, 36, 39, 40, 41, 42, 43, 44, 47, 48, 49)","('NaaNH', 'n9FaHRing', 'n6aHRing', 'naHRing', 'NaaN', 'nFaHRing', 'nFHRing', 'nHRing', 'NaasN', 'SMR_VSA3', 'JGI5', 'SaasN', 'MATS1c', 'nN', 'n6aRing', 'MATS3i', 'GATS4c', 'MATS2c', 'NsOH', 'SRW07', 'C3SP2', 'C2SP2', 'PEOE_VSA3', 'Xch-6d', 'nBase', 'AATSC5i', 'SlogP_VSA6', 'BIC2', 'FCSP3', 'AATS8d', 'SssNH')",0.09852424,0.04926212
30,-0.370916118,0.141313287,[-0.36224136 -0.33125912 -0.46820173 -0.19130933 -0.50156904],"(0, 2, 3, 4, 6, 8, 9, 10, 12, 13, 17, 19, 20, 22, 26, 28, 29, 30, 31, 35, 36, 39, 40, 41, 42, 43, 44, 47, 48, 49)","('NaaNH', 'n9FaHRing', 'n6aHRing', 'naHRing', 'NaaN', 'nFaHRing', 'nFHRing', 'nHRing', 'NaasN', 'SMR_VSA3', 'JGI5', 'SaasN', 'MATS1c', 'nN', 'n6aRing', 'MATS3i', 'GATS4c', 'MATS2c', 'NsOH', 'C3SP2', 'C2SP2', 'PEOE_VSA3', 'Xch-6d', 'nBase', 'AATSC5i', 'SlogP_VSA6', 'BIC2', 'FCSP3', 'AATS8d', 'SssNH')",0.109946538,0.054973269
29,-0.368435761,0.13940087,[-0.3524456  -0.34023731 -0.46661853 -0.18868402 -0.49419335],"(0, 2, 3, 4, 6, 8, 9, 10, 12, 13, 17, 19, 20, 22, 26, 28, 29, 30, 31, 35, 39, 40, 41, 42, 43, 44, 47, 48, 49)","('NaaNH', 'n9FaHRing', 'n6aHRing', 'naHRing', 'NaaN', 'nFaHRing', 'nFHRing', 'nHRing', 'NaasN', 'SMR_VSA3', 'JGI5', 'SaasN', 'MATS1c', 'nN', 'n6aRing', 'MATS3i', 'GATS4c', 'MATS2c', 'NsOH', 'C3SP2', 'PEOE_VSA3', 'Xch-6d', 'nBase', 'AATSC5i', 'SlogP_VSA6', 'BIC2', 'FCSP3', 'AATS8d', 'SssNH')",0.108458613,0.054229307
28,-0.364711523,0.118415468,[-0.35903377 -0.3302705  -0.46088193 -0.21339179 -0.45997963],"(0, 2, 3, 4, 6, 8, 9, 10, 13, 17, 19, 20, 22, 26, 28, 29, 30, 31, 35, 39, 40, 41, 42, 43, 44, 47, 48, 49)","('NaaNH', 'n9FaHRing', 'n6aHRing', 'naHRing', 'NaaN', 'nFaHRing', 'nFHRing', 'nHRing', 'SMR_VSA3', 'JGI5', 'SaasN', 'MATS1c', 'nN', 'n6aRing', 'MATS3i', 'GATS4c', 'MATS2c', 'NsOH', 'C3SP2', 'PEOE_VSA3', 'Xch-6d', 'nBase', 'AATSC5i', 'SlogP_VSA6', 'BIC2', 'FCSP3', 'AATS8d', 'SssNH')",0.092131257,0.046065628
27,-0.358676316,0.098481144,[-0.38442356 -0.3408144  -0.42720072 -0.21859501 -0.42234789],"(0, 2, 3, 4, 6, 8, 9, 10, 13, 17, 19, 20, 22, 26, 28, 29, 30, 31, 35, 40, 41, 42, 43, 44, 47, 48, 49)","('NaaNH', 'n9FaHRing', 'n6aHRing', 'naHRing', 'NaaN', 'nFaHRing', 'nFHRing', 'nHRing', 'SMR_VSA3', 'JGI5', 'SaasN', 'MATS1c', 'nN', 'n6aRing', 'MATS3i', 'GATS4c', 'MATS2c', 'NsOH', 'C3SP2', 'Xch-6d', 'nBase', 'AATSC5i', 'SlogP_VSA6', 'BIC2', 'FCSP3', 'AATS8d', 'SssNH')",0.076621676,0.038310838
26,-0.355061393,0.097608019,[-0.35083484 -0.33687808 -0.40953232 -0.22721254 -0.45084918],"(0, 2, 3, 4, 8, 9, 10, 13, 17, 19, 20, 22, 26, 28, 29, 30, 31, 35, 40, 41, 42, 43, 44, 47, 48, 49)","('NaaNH', 'n9FaHRing', 'n6aHRing', 'naHRing', 'nFaHRing', 'nFHRing', 'nHRing', 'SMR_VSA3', 'JGI5', 'SaasN', 'MATS1c', 'nN', 'n6aRing', 'MATS3i', 'GATS4c', 'MATS2c', 'NsOH', 'C3SP2', 'Xch-6d', 'nBase', 'AATSC5i', 'SlogP_VSA6', 'BIC2', 'FCSP3', 'AATS8d', 'SssNH')",0.075942355,0.037971177
25,-0.339202508,0.084639938,[-0.33455215 -0.32749096 -0.42742414 -0.22857603 -0.37796927],"(0, 2, 3, 4, 8, 9, 10, 17, 19, 20, 22, 26, 28, 29, 30, 31, 35, 40, 41, 42, 43, 44, 47, 48, 49)","('NaaNH', 'n9FaHRing', 'n6aHRing', 'naHRing', 'nFaHRing', 'nFHRing', 'nHRing', 'JGI5', 'SaasN', 'MATS1c', 'nN', 'n6aRing', 'MATS3i', 'GATS4c', 'MATS2c', 'NsOH', 'C3SP2', 'Xch-6d', 'nBase', 'AATSC5i', 'SlogP_VSA6', 'BIC2', 'FCSP3', 'AATS8d', 'SssNH')",0.065852747,0.032926374
24,-0.333103116,0.077904847,[-0.31757953 -0.31418387 -0.4288974  -0.24449647 -0.36035831],"(0, 2, 3, 4, 8, 9, 10, 17, 20, 22, 26, 28, 29, 30, 31, 35, 40, 41, 43, 44, 45, 47, 48, 49)","('NaaNH', 'n9FaHRing', 'n6aHRing', 'naHRing', 'nFaHRing', 'nFHRing', 'nHRing', 'JGI5', 'MATS1c', 'nN', 'n6aRing', 'MATS3i', 'GATS4c', 'MATS2c', 'NsOH', 'C3SP2', 'Xch-6d', 'nBase', 'SlogP_VSA6', 'BIC2', 'ATSC1c', 'FCSP3', 'AATS8d', 'SssNH')",0.060612618,0.030306309
23,-0.339780533,0.081277565,[-0.31992385 -0.35752023 -0.42245439 -0.23165761 -0.36734658],"(0, 2, 3, 4, 8, 9, 17, 20, 22, 26, 28, 29, 30, 31, 35, 40, 41, 43, 44, 45, 47, 48, 49)","('NaaNH', 'n9FaHRing', 'n6aHRing', 'naHRing', 'nFaHRing', 'nFHRing', 'JGI5', 'MATS1c', 'nN', 'n6aRing', 'MATS3i', 'GATS4c', 'MATS2c', 'NsOH', 'C3SP2', 'Xch-6d', 'nBase', 'SlogP_VSA6', 'BIC2', 'ATSC1c', 'FCSP3', 'AATS8d', 'SssNH')",0.063236707,0.031618354
22,-0.331936285,0.080911805,[-0.32766549 -0.3343055  -0.41702263 -0.22292186 -0.35776594],"(0, 2, 3, 4, 8, 9, 17, 20, 22, 26, 28, 29, 30, 31, 35, 40, 41, 43, 44, 45, 47, 49)","('NaaNH', 'n9FaHRing', 'n6aHRing', 'naHRing', 'nFaHRing', 'nFHRing', 'JGI5', 'MATS1c', 'nN', 'n6aRing', 'MATS3i', 'GATS4c', 'MATS2c', 'NsOH', 'C3SP2', 'Xch-6d', 'nBase', 'SlogP_VSA6', 'BIC2', 'ATSC1c', 'FCSP3', 'SssNH')",0.062952133,0.031476066
21,-0.335718103,0.07692144,[-0.30505238 -0.34471125 -0.42089596 -0.242258   -0.36567292],"(0, 2, 3, 4, 8, 9, 17, 20, 22, 26, 28, 29, 30, 31, 35, 40, 41, 43, 44, 45, 49)","('NaaNH', 'n9FaHRing', 'n6aHRing', 'naHRing', 'nFaHRing', 'nFHRing', 'JGI5', 'MATS1c', 'nN', 'n6aRing', 'MATS3i', 'GATS4c', 'MATS2c', 'NsOH', 'C3SP2', 'Xch-6d', 'nBase', 'SlogP_VSA6', 'BIC2', 'ATSC1c', 'SssNH')",0.059847494,0.029923747
20,-0.33871055,0.089796694,[-0.29998079 -0.31693537 -0.4288541  -0.24062579 -0.4071567 ],"(0, 2, 3, 4, 8, 9, 17, 20, 22, 28, 29, 30, 31, 35, 40, 41, 43, 44, 45, 49)","('NaaNH', 'n9FaHRing', 'n6aHRing', 'naHRing', 'nFaHRing', 'nFHRing', 'JGI5', 'MATS1c', 'nN', 'MATS3i', 'GATS4c', 'MATS2c', 'NsOH', 'C3SP2', 'Xch-6d', 'nBase', 'SlogP_VSA6', 'BIC2', 'ATSC1c', 'SssNH')",0.069864879,0.034932439
19,-0.338955621,0.092013384,[-0.32583575 -0.31308169 -0.44123031 -0.22882514 -0.38580521],"(0, 2, 3, 4, 9, 11, 17, 20, 22, 28, 29, 30, 31, 40, 41, 43, 44, 45, 49)","('NaaNH', 'n9FaHRing', 'n6aHRing', 'naHRing', 'nFHRing', 'n6HRing', 'JGI5', 'MATS1c', 'nN', 'MATS3i', 'GATS4c', 'MATS2c', 'NsOH', 'Xch-6d', 'nBase', 'SlogP_VSA6', 'BIC2', 'ATSC1c', 'SssNH')",0.071589539,0.035794769
18,-0.336219899,0.080151646,[-0.32181758 -0.32276452 -0.43305022 -0.24131385 -0.36215333],"(0, 2, 3, 4, 9, 11, 17, 19, 20, 22, 29, 31, 40, 41, 43, 44, 45, 49)","('NaaNH', 'n9FaHRing', 'n6aHRing', 'naHRing', 'nFHRing', 'n6HRing', 'JGI5', 'SaasN', 'MATS1c', 'nN', 'GATS4c', 'NsOH', 'Xch-6d', 'nBase', 'SlogP_VSA6', 'BIC2', 'ATSC1c', 'SssNH')",0.062360704,0.031180352
17,-0.338945632,0.08204477,[-0.32358131 -0.32439809 -0.44325276 -0.24571829 -0.3577777 ],"(0, 2, 3, 4, 9, 10, 11, 17, 19, 20, 22, 29, 40, 43, 44, 45, 49)","('NaaNH', 'n9FaHRing', 'n6aHRing', 'naHRing', 'nFHRing', 'nHRing', 'n6HRing', 'JGI5', 'SaasN', 'MATS1c', 'nN', 'GATS4c', 'Xch-6d', 'SlogP_VSA6', 'BIC2', 'ATSC1c', 'SssNH')",0.063833618,0.031916809
16,-0.32196528,0.073212738,[-0.29287349 -0.3274311  -0.42229564 -0.2523399  -0.3001291 ],"(0, 2, 3, 4, 9, 10, 11, 17, 19, 22, 28, 29, 35, 43, 44, 49)","('NaaNH', 'n9FaHRing', 'n6aHRing', 'naHRing', 'nFHRing', 'nHRing', 'n6HRing', 'JGI5', 'SaasN', 'nN', 'MATS3i', 'GATS4c', 'C3SP2', 'SlogP_VSA6', 'BIC2', 'SssNH')",0.056961998,0.028480999
15,-0.324904128,0.065955255,[-0.30466399 -0.33965029 -0.40893172 -0.25103347 -0.32024116],"(0, 2, 3, 4, 9, 10, 11, 17, 19, 22, 28, 29, 35, 43, 49)","('NaaNH', 'n9FaHRing', 'n6aHRing', 'naHRing', 'nFHRing', 'nHRing', 'n6HRing', 'JGI5', 'SaasN', 'nN', 'MATS3i', 'GATS4c', 'C3SP2', 'SlogP_VSA6', 'SssNH')",0.051315429,0.025657714
14,-0.327801023,0.061493992,[-0.28334331 -0.35203844 -0.40508139 -0.27395974 -0.32458223],"(0, 2, 3, 4, 9, 11, 17, 19, 22, 29, 31, 43, 46, 49)","('NaaNH', 'n9FaHRing', 'n6aHRing', 'naHRing', 'nFHRing', 'n6HRing', 'JGI5', 'SaasN', 'nN', 'GATS4c', 'NsOH', 'SlogP_VSA6', 'AATSC3i', 'SssNH')",0.047844415,0.023922208
13,-0.334255915,0.082828221,[-0.28186977 -0.34996846 -0.44505992 -0.26012163 -0.3342598 ],"(0, 2, 4, 9, 10, 11, 17, 19, 22, 29, 35, 43, 49)","('NaaNH', 'n9FaHRing', 'naHRing', 'nFHRing', 'nHRing', 'n6HRing', 'JGI5', 'SaasN', 'nN', 'GATS4c', 'C3SP2', 'SlogP_VSA6', 'SssNH')",0.06444317,0.032221585
12,-0.323970192,0.070654145,[-0.33898474 -0.33518981 -0.4136207  -0.2677708  -0.26428492],"(0, 2, 3, 4, 17, 24, 29, 30, 31, 34, 40, 43)","('NaaNH', 'n9FaHRing', 'n6aHRing', 'naHRing', 'JGI5', 'SlogP_VSA1', 'GATS4c', 'MATS2c', 'NsOH', 'SMR_VSA9', 'Xch-6d', 'SlogP_VSA6')",0.054971326,0.027485663
11,-0.332802642,0.046446561,[-0.3061502  -0.35698793 -0.38887602 -0.28792889 -0.32407017],"(1, 2, 4, 17, 21, 24, 29, 30, 31, 34, 40)","('SaaNH', 'n9FaHRing', 'naHRing', 'JGI5', 'n9FHRing', 'SlogP_VSA1', 'GATS4c', 'MATS2c', 'NsOH', 'SMR_VSA9', 'Xch-6d')",0.036137002,0.018068501
10,-0.320767848,0.062190042,[-0.29563789 -0.36868572 -0.38739532 -0.28912913 -0.26299118],"(1, 2, 4, 17, 20, 21, 23, 31, 40, 46)","('SaaNH', 'n9FaHRing', 'naHRing', 'JGI5', 'MATS1c', 'n9FHRing', 'PEOE_VSA1', 'NsOH', 'Xch-6d', 'AATSC3i')",0.048385965,0.024192983
9,-0.33186719,0.067559978,[-0.28649599 -0.3955381  -0.39627109 -0.29871633 -0.28231444],"(1, 2, 4, 17, 20, 23, 28, 31, 40)","('SaaNH', 'n9FaHRing', 'naHRing', 'JGI5', 'MATS1c', 'PEOE_VSA1', 'MATS3i', 'NsOH', 'Xch-6d')",0.052563958,0.026281979
8,-0.346226786,0.073300399,[-0.28987654 -0.42852522 -0.40129237 -0.30575389 -0.30568591],"(1, 2, 4, 17, 20, 23, 28, 40)","('SaaNH', 'n9FaHRing', 'naHRing', 'JGI5', 'MATS1c', 'PEOE_VSA1', 'MATS3i', 'Xch-6d')",0.0570302,0.0285151
7,-0.365587812,0.104037087,[-0.36358861 -0.43094456 -0.47674205 -0.29956895 -0.25709489],"(1, 2, 4, 20, 23, 28, 40)","('SaaNH', 'n9FaHRing', 'naHRing', 'MATS1c', 'PEOE_VSA1', 'MATS3i', 'Xch-6d')",0.080944388,0.040472194
6,-0.388143628,0.122114242,[-0.42080075 -0.43008763 -0.51370539 -0.23101201 -0.34511236],"(2, 4, 13, 31, 40, 49)","('n9FaHRing', 'naHRing', 'SMR_VSA3', 'NsOH', 'Xch-6d', 'SssNH')",0.095009029,0.047504515
5,-0.403890154,0.135677382,[-0.42006747 -0.42712605 -0.55160037 -0.22204265 -0.39861424],"(2, 4, 13, 31, 40)","('n9FaHRing', 'naHRing', 'SMR_VSA3', 'NsOH', 'Xch-6d')",0.105561613,0.052780806
4,-0.390506172,0.090031733,[-0.4107073  -0.37542986 -0.45206219 -0.262599   -0.45173251],"(4, 8, 24, 34)","('naHRing', 'nFaHRing', 'SlogP_VSA1', 'SMR_VSA9')",0.070047747,0.035023873
3,-0.398666461,0.089657895,[-0.40273844 -0.39911514 -0.47323198 -0.27073218 -0.44751457],"(4, 24, 34)","('naHRing', 'SlogP_VSA1', 'SMR_VSA9')",0.069756888,0.034878444
2,-0.533321117,0.099038686,[-0.59969984 -0.50505662 -0.64211942 -0.42941825 -0.49031147],"(4, 24)","('naHRing', 'SlogP_VSA1')",0.077055462,0.038527731
1,-0.587481191,0.154146059,[-0.66669278 -0.59925164 -0.76138714 -0.44560469 -0.46446969],"(4,)","('naHRing',)",0.119930871,0.059965436
